card_id,user_id,bank_id,card_type,card_network,issued_date,is_active
1,1,4,CREDIT,VISA,2024-09-19T00:00:00,True
2,3,1,DEBIT,VISA,2025-03-13T00:00:00,True
3,4,10,DEBIT,VISA,2026-08-02T00:00:00,True
4,5,10,CREDIT,AMEX,2026-05-12T00:00:00,True
5,7,3,CREDIT,VISA,2026-06-14T00:00:00,True
6,7,10,CREDIT,RUPAY,2025-09-05T00:00:00,True
7,7,5,DEBIT,RUPAY,2026-02-25T00:00:00,True
8,8,4,DEBIT,RUPAY,2025-09-18T00:00:00,True
9,9,6,CREDIT,MASTERCARD,2025-12-30T00:00:00,True
10,9,3,DEBIT,VISA,2026-03-16T00:00:00,True
11,10,1,CREDIT,RUPAY,2025-09-17T00:00:00,True
12,10,4,CREDIT,VISA,2025-04-18T00:00:00,True
13,11,9,CREDIT,RUPAY,2024-08-22T00:00:00,True
14,12,1,DEBIT,RUPAY,2024-09-23T00:00:00,True
15,13,10,CREDIT,AMEX,2024-11-26T00:00:00,True
16,16,10,DEBIT,RUPAY,2025-06-20T00:00:00,True
17,17,5,DEBIT,VISA,2024-09-24T00:00:00,True
18,18,7,CREDIT,RUPAY,2024-09-03T00:00:00,True
19,19,5,CREDIT,RUPAY,2025-09-07T00:00:00,True
20,20,8,CREDIT,VISA,2024-11-22T00:00:00,True
21,20,5,CREDIT,RUPAY,2024-12-09T00:00:00,True
22,20,2,DEBIT,RUPAY,2025-02-08T00:00:00,True
23,21,7,CREDIT,RUPAY,2025-06-14T00:00:00,True
24,22,5,DEBIT,RUPAY,2025-05-08T00:00:00,True
25,22,2,DEBIT,RUPAY,2025-01-09T00:00:00,True
26,23,8,DEBIT,RUPAY,2025-12-12T00:00:00,True
27,24,5,CREDIT,VISA,2024-12-18T00:00:00,True
28,25,7,DEBIT,AMEX,2026-04-18T00:00:00,True
29,26,4,CREDIT,RUPAY,2026-02-12T00:00:00,True
30,26,9,DEBIT,VISA,2024-11-03T00:00:00,True
31,27,4,DEBIT,VISA,2024-08-12T00:00:00,True
32,29,3,DEBIT,VISA,2025-08-02T00:00:00,True
33,31,8,CREDIT,RUPAY,2025-10-15T00:00:00,True
34,33,3,CREDIT,VISA,2025-10-18T00:00:00,True
35,34,2,DEBIT,RUPAY,2025-01-18T00:00:00,False
36,34,6,CREDIT,VISA,2024-08-22T00:00:00,True
37,36,3,DEBIT,RUPAY,2025-06-12T00:00:00,True
38,37,1,CREDIT,VISA,2026-05-29T00:00:00,False
39,38,1,CREDIT,MASTERCARD,2025-11-18T00:00:00,True
40,41,7,DEBIT,VISA,2024-11-12T00:00:00,True
41,41,3,DEBIT,MASTERCARD,2024-10-06T00:00:00,True
42,42,9,DEBIT,VISA,2026-07-20T00:00:00,True
43,42,6,DEBIT,MASTERCARD,2025-09-03T00:00:00,True
44,44,2,CREDIT,MASTERCARD,2025-07-19T00:00:00,False
45,45,2,CREDIT,VISA,2025-06-22T00:00:00,True
46,46,4,CREDIT,AMEX,2026-03-11T00:00:00,False
47,46,8,CREDIT,VISA,2025-06-22T00:00:00,False
48,46,6,DEBIT,AMEX,2026-01-04T00:00:00,True
49,47,3,DEBIT,VISA,2025-10-01T00:00:00,True
50,47,9,CREDIT,RUPAY,2025-01-10T00:00:00,False
51,48,1,CREDIT,VISA,2025-11-27T00:00:00,True
52,49,4,DEBIT,RUPAY,2026-06-10T00:00:00,True
53,49,3,DEBIT,RUPAY,2026-04-25T00:00:00,True
54,49,6,DEBIT,VISA,2025-06-03T00:00:00,True
55,51,7,CREDIT,AMEX,2026-04-23T00:00:00,True
56,51,3,DEBIT,AMEX,2024-11-17T00:00:00,True
57,52,9,DEBIT,RUPAY,2024-11-07T00:00:00,True
58,52,8,CREDIT,RUPAY,2025-01-22T00:00:00,True
59,53,2,CREDIT,RUPAY,2025-05-01T00:00:00,True
60,55,3,DEBIT,AMEX,2025-12-22T00:00:00,False
61,57,3,DEBIT,RUPAY,2026-05-11T00:00:00,True
62,57,6,CREDIT,MASTERCARD,2025-11-13T00:00:00,True
63,59,1,DEBIT,VISA,2026-03-07T00:00:00,False
64,59,2,CREDIT,VISA,2025-09-22T00:00:00,True
65,60,2,CREDIT,MASTERCARD,2026-02-08T00:00:00,True
66,60,8,CREDIT,VISA,2024-11-28T00:00:00,True
67,62,6,CREDIT,VISA,2026-04-20T00:00:00,True
68,63,5,DEBIT,RUPAY,2025-12-04T00:00:00,True
69,64,10,DEBIT,VISA,2025-08-15T00:00:00,True
70,66,1,DEBIT,RUPAY,2025-05-13T00:00:00,True
71,67,5,DEBIT,VISA,2026-08-09T00:00:00,True
72,68,5,CREDIT,VISA,2025-10-22T00:00:00,True
73,69,6,DEBIT,MASTERCARD,2026-02-09T00:00:00,True
74,70,6,DEBIT,RUPAY,2024-08-20T00:00:00,True
75,70,10,CREDIT,RUPAY,2026-03-25T00:00:00,True
76,71,6,CREDIT,RUPAY,2025-01-08T00:00:00,True
77,71,6,CREDIT,AMEX,2025-09-30T00:00:00,True
78,71,1,DEBIT,RUPAY,2024-12-16T00:00:00,True
79,72,1,CREDIT,AMEX,2025-10-14T00:00:00,True
80,73,4,CREDIT,AMEX,2026-07-06T00:00:00,True
81,73,1,CREDIT,MASTERCARD,2025-06-15T00:00:00,True
82,74,8,DEBIT,MASTERCARD,2025-10-04T00:00:00,True
83,74,9,DEBIT,AMEX,2025-07-19T00:00:00,True
84,75,3,DEBIT,VISA,2025-10-30T00:00:00,True
85,77,5,DEBIT,RUPAY,2024-11-19T00:00:00,True
86,79,10,DEBIT,VISA,2026-05-10T00:00:00,True
87,79,2,DEBIT,RUPAY,2024-09-12T00:00:00,True
88,81,9,CREDIT,VISA,2025-12-03T00:00:00,True
89,81,6,DEBIT,RUPAY,2025-10-06T00:00:00,True
90,82,7,CREDIT,MASTERCARD,2025-03-27T00:00:00,True
91,82,5,DEBIT,VISA,2025-10-08T00:00:00,True
92,83,1,CREDIT,VISA,2025-08-28T00:00:00,True
93,83,9,DEBIT,RUPAY,2025-07-19T00:00:00,True
94,83,10,DEBIT,VISA,2025-09-14T00:00:00,True
95,84,10,DEBIT,RUPAY,2025-09-13T00:00:00,True
96,84,3,DEBIT,VISA,2025-01-19T00:00:00,True
97,85,9,CREDIT,RUPAY,2025-09-15T00:00:00,True
98,85,5,DEBIT,VISA,2025-07-06T00:00:00,True
99,86,10,CREDIT,RUPAY,2026-02-17T00:00:00,True
100,87,3,DEBIT,RUPAY,2025-08-11T00:00:00,True
101,88,4,DEBIT,VISA,2025-09-01T00:00:00,True
102,89,3,DEBIT,RUPAY,2026-03-26T00:00:00,True
103,90,2,CREDIT,VISA,2025-02-10T00:00:00,True
104,90,8,DEBIT,RUPAY,2025-03-10T00:00:00,True
105,90,8,DEBIT,MASTERCARD,2025-12-21T00:00:00,True
106,91,7,DEBIT,RUPAY,2025-11-14T00:00:00,True
107,91,3,CREDIT,RUPAY,2026-06-16T00:00:00,True
108,92,6,DEBIT,MASTERCARD,2026-04-30T00:00:00,True
109,93,5,DEBIT,VISA,2024-09-09T00:00:00,True
110,94,4,DEBIT,VISA,2025-03-20T00:00:00,False
111,94,3,CREDIT,RUPAY,2024-12-17T00:00:00,True
112,95,6,DEBIT,RUPAY,2025-12-01T00:00:00,True
113,95,8,DEBIT,RUPAY,2025-02-23T00:00:00,True
114,95,4,DEBIT,RUPAY,2025-05-24T00:00:00,True
115,96,10,CREDIT,RUPAY,2025-12-22T00:00:00,True
116,96,8,DEBIT,RUPAY,2025-07-02T00:00:00,True
117,97,10,CREDIT,RUPAY,2024-10-14T00:00:00,True
118,100,10,DEBIT,RUPAY,2026-02-04T00:00:00,True
119,101,6,DEBIT,VISA,2025-04-18T00:00:00,True
120,102,6,CREDIT,VISA,2024-08-21T00:00:00,True
121,103,6,DEBIT,RUPAY,2025-09-08T00:00:00,True
122,104,9,CREDIT,RUPAY,2026-06-28T00:00:00,True
123,106,6,DEBIT,VISA,2024-09-29T00:00:00,True
124,106,8,CREDIT,VISA,2024-12-10T00:00:00,True
125,107,7,CREDIT,VISA,2024-08-28T00:00:00,True
126,111,7,CREDIT,RUPAY,2026-02-01T00:00:00,False
127,111,1,CREDIT,VISA,2025-10-09T00:00:00,True
128,112,7,CREDIT,RUPAY,2025-12-28T00:00:00,True
129,112,7,CREDIT,AMEX,2025-12-28T00:00:00,True
130,114,10,CREDIT,VISA,2024-08-20T00:00:00,True
131,117,2,CREDIT,RUPAY,2025-08-22T00:00:00,True
132,118,1,CREDIT,RUPAY,2024-12-01T00:00:00,False
133,119,10,DEBIT,MASTERCARD,2026-07-26T00:00:00,True
134,120,3,CREDIT,VISA,2026-03-31T00:00:00,True
135,122,2,DEBIT,VISA,2025-12-12T00:00:00,True
136,124,4,CREDIT,RUPAY,2026-08-08T00:00:00,True
137,124,9,DEBIT,VISA,2026-06-03T00:00:00,True
138,125,8,CREDIT,VISA,2025-03-19T00:00:00,True
139,126,6,CREDIT,RUPAY,2026-02-01T00:00:00,True
140,127,8,DEBIT,RUPAY,2024-11-26T00:00:00,True
141,127,4,DEBIT,MASTERCARD,2025-11-16T00:00:00,True
142,127,9,CREDIT,MASTERCARD,2024-10-19T00:00:00,True
143,128,10,DEBIT,VISA,2024-11-27T00:00:00,True
144,129,3,CREDIT,MASTERCARD,2026-02-04T00:00:00,True
145,129,5,CREDIT,RUPAY,2025-08-07T00:00:00,True
146,130,9,CREDIT,MASTERCARD,2025-08-23T00:00:00,True
147,131,7,CREDIT,VISA,2025-02-06T00:00:00,True
148,131,9,DEBIT,RUPAY,2024-11-29T00:00:00,True
149,132,4,CREDIT,RUPAY,2026-03-22T00:00:00,True
150,132,2,DEBIT,VISA,2026-05-07T00:00:00,True
151,132,7,CREDIT,VISA,2026-07-19T00:00:00,True
152,133,6,DEBIT,RUPAY,2025-05-31T00:00:00,True
153,133,2,CREDIT,RUPAY,2026-05-09T00:00:00,True
154,134,4,CREDIT,RUPAY,2025-01-27T00:00:00,True
155,134,8,CREDIT,VISA,2025-12-08T00:00:00,True
156,134,1,CREDIT,VISA,2024-10-27T00:00:00,True
157,135,6,DEBIT,RUPAY,2025-12-23T00:00:00,True
158,136,1,DEBIT,AMEX,2025-03-31T00:00:00,True
159,137,2,CREDIT,RUPAY,2025-07-19T00:00:00,True
160,138,5,DEBIT,VISA,2025-11-22T00:00:00,False
161,138,6,CREDIT,VISA,2026-01-22T00:00:00,True
162,138,10,DEBIT,VISA,2026-01-23T00:00:00,True
163,139,4,DEBIT,VISA,2026-01-01T00:00:00,False
164,139,10,DEBIT,AMEX,2025-08-13T00:00:00,True
165,139,2,CREDIT,AMEX,2026-05-26T00:00:00,True
166,140,9,DEBIT,MASTERCARD,2026-01-31T00:00:00,True
167,140,6,DEBIT,MASTERCARD,2025-10-11T00:00:00,True
168,141,10,DEBIT,VISA,2026-04-29T00:00:00,True
169,142,6,CREDIT,AMEX,2026-01-02T00:00:00,True
170,143,9,DEBIT,RUPAY,2026-06-21T00:00:00,True
171,143,8,CREDIT,RUPAY,2024-08-25T00:00:00,True
172,144,2,CREDIT,VISA,2025-10-24T00:00:00,True
173,144,1,CREDIT,VISA,2025-05-27T00:00:00,True
174,145,9,CREDIT,VISA,2025-05-14T00:00:00,True
175,145,4,DEBIT,RUPAY,2025-06-03T00:00:00,True
176,145,8,DEBIT,VISA,2026-07-05T00:00:00,True
177,146,2,DEBIT,RUPAY,2026-04-13T00:00:00,True
178,146,10,DEBIT,RUPAY,2026-03-25T00:00:00,True
179,146,4,CREDIT,MASTERCARD,2025-03-02T00:00:00,True
180,147,8,DEBIT,MASTERCARD,2025-10-31T00:00:00,True
181,148,9,DEBIT,RUPAY,2025-12-02T00:00:00,True
182,148,8,DEBIT,MASTERCARD,2024-09-07T00:00:00,True
183,149,2,DEBIT,RUPAY,2025-06-15T00:00:00,True
184,149,10,DEBIT,VISA,2026-02-17T00:00:00,True
185,151,3,DEBIT,VISA,2026-01-22T00:00:00,True
186,151,1,CREDIT,VISA,2026-06-06T00:00:00,True
187,152,10,DEBIT,VISA,2024-10-11T00:00:00,True
188,152,10,DEBIT,RUPAY,2024-10-03T00:00:00,True
189,153,8,CREDIT,RUPAY,2026-05-27T00:00:00,True
190,154,1,DEBIT,RUPAY,2025-03-03T00:00:00,True
191,155,2,DEBIT,VISA,2024-11-24T00:00:00,True
192,155,9,DEBIT,VISA,2024-12-12T00:00:00,True
193,156,4,DEBIT,RUPAY,2026-04-29T00:00:00,True
194,158,1,CREDIT,RUPAY,2026-06-14T00:00:00,True
195,159,4,DEBIT,VISA,2026-06-24T00:00:00,True
196,159,10,DEBIT,RUPAY,2025-09-14T00:00:00,True
197,160,7,CREDIT,VISA,2024-12-11T00:00:00,True
198,161,10,DEBIT,RUPAY,2025-08-08T00:00:00,True
199,162,5,CREDIT,VISA,2026-01-04T00:00:00,True
200,162,9,CREDIT,RUPAY,2026-01-29T00:00:00,True
201,163,6,DEBIT,RUPAY,2025-11-23T00:00:00,True
202,163,3,CREDIT,RUPAY,2025-06-16T00:00:00,True
203,164,8,CREDIT,MASTERCARD,2026-06-15T00:00:00,True
204,164,9,DEBIT,RUPAY,2024-12-20T00:00:00,True
205,165,10,DEBIT,MASTERCARD,2024-09-25T00:00:00,False
206,166,2,DEBIT,RUPAY,2025-07-07T00:00:00,True
207,169,3,DEBIT,MASTERCARD,2025-10-14T00:00:00,True
208,170,1,DEBIT,VISA,2025-08-28T00:00:00,True
209,173,7,CREDIT,RUPAY,2026-03-02T00:00:00,True
210,173,5,DEBIT,RUPAY,2025-03-28T00:00:00,True
211,174,4,CREDIT,VISA,2026-06-25T00:00:00,True
212,174,1,DEBIT,RUPAY,2025-08-13T00:00:00,True
213,175,6,CREDIT,RUPAY,2026-05-29T00:00:00,True
214,175,4,DEBIT,RUPAY,2025-12-08T00:00:00,True
215,176,3,DEBIT,MASTERCARD,2026-05-12T00:00:00,True
216,176,2,DEBIT,VISA,2026-01-21T00:00:00,True
217,177,10,DEBIT,VISA,2025-06-02T00:00:00,True
218,178,2,DEBIT,VISA,2025-05-31T00:00:00,True
219,178,10,CREDIT,RUPAY,2026-04-27T00:00:00,True
220,179,2,DEBIT,RUPAY,2025-05-06T00:00:00,True
221,180,4,CREDIT,RUPAY,2024-12-30T00:00:00,True
222,182,1,CREDIT,VISA,2026-03-10T00:00:00,True
223,182,1,CREDIT,VISA,2025-10-10T00:00:00,True
224,183,9,DEBIT,VISA,2024-09-21T00:00:00,True
225,184,6,DEBIT,VISA,2025-03-31T00:00:00,False
226,185,4,DEBIT,RUPAY,2026-07-09T00:00:00,True
227,185,1,DEBIT,VISA,2025-08-31T00:00:00,True
228,186,3,CREDIT,VISA,2026-05-02T00:00:00,True
229,187,7,DEBIT,VISA,2024-11-12T00:00:00,True
230,188,9,DEBIT,AMEX,2024-08-25T00:00:00,True
231,188,4,DEBIT,VISA,2024-12-17T00:00:00,True
232,189,10,DEBIT,VISA,2025-06-05T00:00:00,True
233,190,2,CREDIT,RUPAY,2025-03-08T00:00:00,True
234,190,6,DEBIT,RUPAY,2025-11-07T00:00:00,True
235,192,4,DEBIT,VISA,2026-07-25T00:00:00,True
236,193,7,DEBIT,RUPAY,2025-05-23T00:00:00,True
237,196,9,CREDIT,MASTERCARD,2025-01-02T00:00:00,False
238,197,8,DEBIT,VISA,2024-09-13T00:00:00,True
239,198,2,CREDIT,RUPAY,2025-09-07T00:00:00,True
240,200,4,CREDIT,RUPAY,2026-02-06T00:00:00,True
241,201,6,DEBIT,RUPAY,2025-07-20T00:00:00,True
242,204,6,DEBIT,RUPAY,2025-10-21T00:00:00,True
243,204,1,DEBIT,RUPAY,2026-07-05T00:00:00,True
244,206,10,DEBIT,VISA,2025-09-04T00:00:00,True
245,208,5,DEBIT,AMEX,2024-11-05T00:00:00,True
246,208,9,CREDIT,RUPAY,2024-09-18T00:00:00,True
247,208,6,CREDIT,VISA,2026-06-09T00:00:00,True
248,209,10,DEBIT,RUPAY,2025-02-09T00:00:00,True
249,210,1,DEBIT,MASTERCARD,2026-03-02T00:00:00,True
250,211,5,DEBIT,RUPAY,2024-10-14T00:00:00,True
251,211,5,DEBIT,VISA,2025-12-29T00:00:00,True
252,211,3,CREDIT,RUPAY,2024-09-29T00:00:00,True
253,212,9,DEBIT,RUPAY,2024-09-21T00:00:00,True
254,213,5,DEBIT,VISA,2025-08-06T00:00:00,True
255,213,1,DEBIT,VISA,2024-10-28T00:00:00,True
256,213,2,DEBIT,VISA,2025-07-09T00:00:00,True
257,215,7,DEBIT,VISA,2025-07-10T00:00:00,True
258,216,6,DEBIT,AMEX,2026-05-08T00:00:00,False
259,216,6,CREDIT,RUPAY,2026-04-07T00:00:00,False
260,216,10,CREDIT,VISA,2026-01-12T00:00:00,True
261,217,7,DEBIT,VISA,2025-01-10T00:00:00,True
262,217,2,DEBIT,AMEX,2025-03-27T00:00:00,True
263,217,10,DEBIT,RUPAY,2026-02-12T00:00:00,True
264,219,8,DEBIT,RUPAY,2025-06-30T00:00:00,True
265,221,4,DEBIT,AMEX,2025-04-03T00:00:00,True
266,222,4,DEBIT,AMEX,2025-10-03T00:00:00,True
267,223,6,DEBIT,RUPAY,2025-11-12T00:00:00,True
268,224,3,DEBIT,VISA,2025-10-01T00:00:00,True
269,224,3,DEBIT,RUPAY,2025-07-25T00:00:00,True
270,225,3,DEBIT,RUPAY,2025-02-28T00:00:00,True
271,227,5,DEBIT,RUPAY,2025-12-04T00:00:00,True
272,228,7,CREDIT,VISA,2024-10-23T00:00:00,True
273,232,9,CREDIT,VISA,2025-07-20T00:00:00,True
274,234,1,CREDIT,RUPAY,2025-11-12T00:00:00,True
275,234,8,DEBIT,MASTERCARD,2025-12-11T00:00:00,True
276,235,10,DEBIT,RUPAY,2024-11-03T00:00:00,True
277,235,1,DEBIT,MASTERCARD,2026-06-05T00:00:00,True
278,236,10,CREDIT,RUPAY,2025-04-04T00:00:00,True
279,237,9,DEBIT,RUPAY,2025-10-20T00:00:00,True
280,238,3,CREDIT,RUPAY,2025-03-13T00:00:00,True
281,238,5,DEBIT,RUPAY,2024-11-19T00:00:00,True
282,239,8,DEBIT,RUPAY,2025-06-01T00:00:00,True
283,240,2,DEBIT,RUPAY,2025-01-01T00:00:00,True
284,240,9,DEBIT,RUPAY,2024-09-07T00:00:00,True
285,241,9,DEBIT,VISA,2024-09-05T00:00:00,True
286,241,5,DEBIT,RUPAY,2025-11-08T00:00:00,True
287,243,2,DEBIT,MASTERCARD,2025-05-06T00:00:00,True
288,244,2,DEBIT,RUPAY,2025-03-25T00:00:00,True
289,245,5,DEBIT,RUPAY,2026-06-29T00:00:00,True
290,246,1,DEBIT,RUPAY,2026-01-25T00:00:00,True
291,248,1,DEBIT,RUPAY,2025-04-18T00:00:00,True
292,248,7,DEBIT,VISA,2025-02-26T00:00:00,True
293,249,8,CREDIT,VISA,2024-11-08T00:00:00,True
294,249,4,CREDIT,VISA,2026-03-04T00:00:00,True
295,250,5,DEBIT,RUPAY,2025-04-07T00:00:00,True
296,251,3,DEBIT,RUPAY,2025-06-05T00:00:00,True
297,251,8,DEBIT,MASTERCARD,2025-08-10T00:00:00,True
298,252,5,DEBIT,MASTERCARD,2025-04-20T00:00:00,True
299,253,6,DEBIT,VISA,2025-09-21T00:00:00,True
300,254,8,DEBIT,RUPAY,2024-09-08T00:00:00,True
301,255,7,CREDIT,RUPAY,2025-05-04T00:00:00,True
302,255,7,CREDIT,MASTERCARD,2025-09-22T00:00:00,True
303,256,4,CREDIT,RUPAY,2025-06-21T00:00:00,True
304,257,9,CREDIT,RUPAY,2026-04-30T00:00:00,True
305,257,3,DEBIT,VISA,2024-08-31T00:00:00,True
306,258,6,DEBIT,RUPAY,2026-06-11T00:00:00,False
307,258,4,CREDIT,VISA,2025-01-17T00:00:00,True
308,259,5,DEBIT,RUPAY,2025-07-15T00:00:00,True
309,259,9,DEBIT,RUPAY,2024-09-15T00:00:00,True
310,260,9,CREDIT,MASTERCARD,2025-01-17T00:00:00,True
311,261,4,CREDIT,RUPAY,2025-08-31T00:00:00,True
312,261,3,DEBIT,RUPAY,2024-11-04T00:00:00,True
313,262,7,CREDIT,RUPAY,2026-02-15T00:00:00,True
314,262,3,CREDIT,RUPAY,2025-09-14T00:00:00,True
315,263,6,DEBIT,RUPAY,2025-06-15T00:00:00,True
316,264,10,DEBIT,VISA,2024-11-13T00:00:00,True
317,265,5,DEBIT,RUPAY,2025-04-17T00:00:00,True
318,267,9,DEBIT,MASTERCARD,2026-03-24T00:00:00,True
319,267,7,DEBIT,MASTERCARD,2025-12-11T00:00:00,True
320,267,5,CREDIT,RUPAY,2024-11-03T00:00:00,True
321,268,8,DEBIT,VISA,2025-09-26T00:00:00,True
322,268,8,DEBIT,RUPAY,2025-04-05T00:00:00,True
323,269,6,DEBIT,VISA,2026-07-16T00:00:00,True
324,270,4,DEBIT,RUPAY,2026-02-19T00:00:00,True
325,272,8,DEBIT,RUPAY,2024-11-01T00:00:00,True
326,273,3,DEBIT,VISA,2024-12-12T00:00:00,True
327,274,1,DEBIT,MASTERCARD,2026-05-13T00:00:00,True
328,274,8,CREDIT,RUPAY,2025-10-12T00:00:00,True
329,274,5,CREDIT,AMEX,2026-07-03T00:00:00,True
330,275,10,DEBIT,VISA,2026-01-27T00:00:00,True
331,275,10,DEBIT,MASTERCARD,2026-04-21T00:00:00,True
332,276,3,CREDIT,RUPAY,2025-12-08T00:00:00,False
333,276,7,CREDIT,MASTERCARD,2024-08-15T00:00:00,True
334,276,4,CREDIT,VISA,2025-11-22T00:00:00,True
335,277,3,CREDIT,RUPAY,2025-03-29T00:00:00,True
336,278,5,DEBIT,RUPAY,2026-03-31T00:00:00,True
337,279,5,DEBIT,RUPAY,2025-03-05T00:00:00,True
338,279,3,CREDIT,VISA,2025-02-08T00:00:00,True
339,280,10,DEBIT,MASTERCARD,2026-03-22T00:00:00,True
340,280,10,DEBIT,AMEX,2026-05-02T00:00:00,True
341,281,4,DEBIT,VISA,2026-05-01T00:00:00,True
342,282,6,CREDIT,AMEX,2024-12-28T00:00:00,True
343,282,8,DEBIT,MASTERCARD,2025-06-15T00:00:00,True
344,283,7,DEBIT,RUPAY,2025-08-08T00:00:00,True
345,284,10,DEBIT,AMEX,2026-05-20T00:00:00,True
346,285,9,DEBIT,RUPAY,2025-04-23T00:00:00,True
347,285,9,DEBIT,RUPAY,2025-02-08T00:00:00,False
348,286,6,DEBIT,VISA,2026-03-06T00:00:00,True
349,288,1,CREDIT,MASTERCARD,2025-02-25T00:00:00,False
350,289,6,DEBIT,RUPAY,2024-08-23T00:00:00,True
351,290,8,CREDIT,AMEX,2026-08-01T00:00:00,True
352,291,1,DEBIT,RUPAY,2026-04-24T00:00:00,True
353,291,8,CREDIT,RUPAY,2026-06-04T00:00:00,True
354,291,2,CREDIT,VISA,2026-08-10T00:00:00,True
355,292,3,CREDIT,RUPAY,2024-12-10T00:00:00,True
356,292,1,CREDIT,RUPAY,2025-05-21T00:00:00,True
357,293,1,CREDIT,RUPAY,2025-06-30T00:00:00,True
358,293,3,DEBIT,RUPAY,2025-08-20T00:00:00,True
359,295,1,CREDIT,RUPAY,2026-01-05T00:00:00,True
360,295,5,CREDIT,MASTERCARD,2025-05-19T00:00:00,True
361,296,1,CREDIT,RUPAY,2024-12-08T00:00:00,True
362,297,10,DEBIT,VISA,2024-11-10T00:00:00,True
363,297,2,CREDIT,RUPAY,2024-08-30T00:00:00,True
364,298,6,DEBIT,RUPAY,2025-04-19T00:00:00,True
365,299,4,DEBIT,RUPAY,2025-06-23T00:00:00,True
366,299,5,CREDIT,VISA,2025-06-29T00:00:00,True
367,299,4,CREDIT,VISA,2025-06-08T00:00:00,True
368,300,6,DEBIT,VISA,2026-05-29T00:00:00,True
369,302,10,CREDIT,RUPAY,2025-03-13T00:00:00,True
370,303,5,CREDIT,RUPAY,2026-01-07T00:00:00,True
371,303,5,CREDIT,RUPAY,2025-05-01T00:00:00,True
372,304,9,DEBIT,VISA,2024-12-31T00:00:00,True
373,304,6,CREDIT,MASTERCARD,2026-04-04T00:00:00,True
374,304,6,DEBIT,RUPAY,2024-08-18T00:00:00,True
375,305,2,CREDIT,MASTERCARD,2025-01-23T00:00:00,True
376,306,10,DEBIT,RUPAY,2025-10-29T00:00:00,True
377,307,6,DEBIT,MASTERCARD,2025-09-24T00:00:00,True
378,310,9,CREDIT,MASTERCARD,2025-05-12T00:00:00,True
379,310,7,DEBIT,VISA,2025-01-27T00:00:00,True
380,310,10,DEBIT,RUPAY,2025-03-01T00:00:00,True
381,311,6,DEBIT,VISA,2024-11-10T00:00:00,True
382,312,8,CREDIT,MASTERCARD,2026-06-15T00:00:00,True
383,312,3,CREDIT,VISA,2025-04-08T00:00:00,True
384,313,3,DEBIT,RUPAY,2025-08-28T00:00:00,False
385,313,3,CREDIT,MASTERCARD,2026-07-14T00:00:00,True
386,314,7,DEBIT,RUPAY,2024-11-16T00:00:00,True
387,315,7,DEBIT,RUPAY,2026-07-01T00:00:00,True
388,315,7,DEBIT,RUPAY,2025-07-31T00:00:00,True
389,315,10,CREDIT,RUPAY,2025-02-08T00:00:00,True
390,316,1,DEBIT,RUPAY,2024-10-28T00:00:00,True
391,317,4,CREDIT,VISA,2025-09-07T00:00:00,True
392,318,7,DEBIT,MASTERCARD,2025-05-04T00:00:00,True
393,319,9,DEBIT,MASTERCARD,2024-11-02T00:00:00,True
394,320,7,DEBIT,VISA,2025-07-02T00:00:00,True
395,320,9,CREDIT,MASTERCARD,2025-12-20T00:00:00,True
396,321,1,CREDIT,VISA,2026-05-21T00:00:00,True
397,324,6,DEBIT,AMEX,2024-12-02T00:00:00,True
398,324,7,DEBIT,MASTERCARD,2026-07-01T00:00:00,True
399,325,10,CREDIT,RUPAY,2026-05-01T00:00:00,True
400,325,8,DEBIT,MASTERCARD,2024-09-19T00:00:00,True
401,325,8,DEBIT,VISA,2026-04-15T00:00:00,True
402,326,5,DEBIT,VISA,2025-05-10T00:00:00,True
403,327,6,CREDIT,VISA,2024-12-02T00:00:00,True
404,328,4,CREDIT,RUPAY,2024-12-17T00:00:00,True
405,328,8,DEBIT,VISA,2025-11-22T00:00:00,True
406,329,9,DEBIT,VISA,2025-07-10T00:00:00,True
407,329,3,DEBIT,RUPAY,2024-11-21T00:00:00,True
408,331,5,DEBIT,VISA,2025-04-30T00:00:00,True
409,331,2,DEBIT,MASTERCARD,2024-12-07T00:00:00,True
410,331,10,CREDIT,VISA,2026-01-18T00:00:00,True
411,332,1,CREDIT,MASTERCARD,2025-10-31T00:00:00,True
412,332,3,CREDIT,RUPAY,2026-04-21T00:00:00,True
413,333,1,DEBIT,VISA,2025-10-08T00:00:00,True
414,334,6,CREDIT,VISA,2026-08-06T00:00:00,True
415,335,10,DEBIT,RUPAY,2026-05-22T00:00:00,True
416,336,9,CREDIT,VISA,2025-07-30T00:00:00,True
417,337,8,CREDIT,RUPAY,2026-06-30T00:00:00,True
418,337,7,CREDIT,RUPAY,2024-10-29T00:00:00,True
419,338,4,DEBIT,RUPAY,2025-06-17T00:00:00,True
420,339,1,CREDIT,RUPAY,2026-05-11T00:00:00,True
421,339,7,DEBIT,RUPAY,2025-05-27T00:00:00,True
422,340,9,CREDIT,RUPAY,2024-12-14T00:00:00,True
423,341,10,CREDIT,RUPAY,2025-09-24T00:00:00,True
424,341,6,DEBIT,MASTERCARD,2026-04-15T00:00:00,True
425,341,6,DEBIT,RUPAY,2026-07-14T00:00:00,True
426,342,9,DEBIT,VISA,2025-09-27T00:00:00,True
427,343,8,CREDIT,RUPAY,2025-09-23T00:00:00,True
428,343,9,DEBIT,RUPAY,2026-06-12T00:00:00,True
429,345,7,DEBIT,RUPAY,2026-05-05T00:00:00,True
430,345,10,DEBIT,AMEX,2026-04-15T00:00:00,True
431,346,10,CREDIT,RUPAY,2025-12-06T00:00:00,True
432,348,7,DEBIT,RUPAY,2025-01-22T00:00:00,True
433,348,4,CREDIT,RUPAY,2025-03-02T00:00:00,True
434,349,4,DEBIT,MASTERCARD,2026-07-11T00:00:00,True
435,349,4,DEBIT,AMEX,2026-01-04T00:00:00,True
436,354,2,CREDIT,VISA,2026-07-04T00:00:00,True
437,354,9,DEBIT,RUPAY,2024-10-21T00:00:00,True
438,357,10,DEBIT,RUPAY,2024-09-03T00:00:00,True
439,357,1,CREDIT,MASTERCARD,2024-09-19T00:00:00,True
440,358,8,DEBIT,VISA,2025-01-06T00:00:00,True
441,359,2,DEBIT,MASTERCARD,2026-06-13T00:00:00,True
442,361,2,CREDIT,RUPAY,2025-11-22T00:00:00,True
443,362,5,CREDIT,RUPAY,2025-07-14T00:00:00,True
444,363,10,CREDIT,VISA,2026-01-26T00:00:00,True
445,364,6,DEBIT,VISA,2025-01-19T00:00:00,True
446,365,5,CREDIT,RUPAY,2024-12-19T00:00:00,True
447,365,5,DEBIT,VISA,2025-03-31T00:00:00,False
448,366,10,CREDIT,MASTERCARD,2026-01-12T00:00:00,True
449,368,3,DEBIT,RUPAY,2026-04-03T00:00:00,True
450,368,6,DEBIT,MASTERCARD,2025-12-19T00:00:00,True
451,370,7,CREDIT,RUPAY,2025-07-26T00:00:00,True
452,371,10,DEBIT,RUPAY,2026-06-06T00:00:00,True
453,372,1,DEBIT,RUPAY,2026-01-28T00:00:00,True
454,373,1,CREDIT,VISA,2025-07-13T00:00:00,True
455,374,9,DEBIT,AMEX,2024-10-06T00:00:00,True
456,374,9,CREDIT,VISA,2025-02-13T00:00:00,True
457,374,4,CREDIT,RUPAY,2025-02-07T00:00:00,False
458,375,2,DEBIT,RUPAY,2024-10-14T00:00:00,True
459,376,4,CREDIT,RUPAY,2026-03-28T00:00:00,True
460,377,1,CREDIT,RUPAY,2025-02-27T00:00:00,True
461,377,8,CREDIT,VISA,2026-02-16T00:00:00,True
462,378,1,DEBIT,RUPAY,2024-12-02T00:00:00,True
463,379,10,DEBIT,RUPAY,2025-11-20T00:00:00,True
464,379,5,DEBIT,RUPAY,2025-12-27T00:00:00,True
465,380,5,DEBIT,VISA,2026-02-05T00:00:00,True
466,381,5,DEBIT,VISA,2025-02-12T00:00:00,True
467,382,8,DEBIT,VISA,2025-10-26T00:00:00,True
468,382,2,DEBIT,MASTERCARD,2026-05-25T00:00:00,True
469,382,3,CREDIT,VISA,2025-04-04T00:00:00,True
470,383,9,DEBIT,RUPAY,2026-04-26T00:00:00,True
471,384,4,DEBIT,RUPAY,2025-01-18T00:00:00,True
472,385,8,DEBIT,RUPAY,2025-05-12T00:00:00,True
473,385,5,DEBIT,RUPAY,2025-06-16T00:00:00,True
474,385,5,CREDIT,MASTERCARD,2025-06-28T00:00:00,True
475,386,7,CREDIT,RUPAY,2024-10-05T00:00:00,True
476,387,8,DEBIT,VISA,2026-08-01T00:00:00,True
477,387,5,CREDIT,MASTERCARD,2025-07-05T00:00:00,True
478,388,4,DEBIT,RUPAY,2025-11-03T00:00:00,True
479,389,6,DEBIT,RUPAY,2026-04-09T00:00:00,True
480,391,8,CREDIT,AMEX,2026-04-02T00:00:00,True
481,391,2,CREDIT,VISA,2026-02-11T00:00:00,True
482,393,2,CREDIT,RUPAY,2025-10-07T00:00:00,True
483,395,9,CREDIT,VISA,2026-03-19T00:00:00,True
484,396,5,DEBIT,VISA,2024-10-18T00:00:00,True
485,397,6,DEBIT,MASTERCARD,2025-03-17T00:00:00,True
486,397,8,CREDIT,MASTERCARD,2025-03-01T00:00:00,True
487,398,1,CREDIT,RUPAY,2025-10-21T00:00:00,True
488,399,9,CREDIT,AMEX,2025-08-27T00:00:00,False
489,400,9,DEBIT,VISA,2026-02-12T00:00:00,True
490,401,2,DEBIT,AMEX,2024-12-03T00:00:00,True
491,401,9,DEBIT,VISA,2025-12-02T00:00:00,True
492,403,7,DEBIT,MASTERCARD,2025-01-12T00:00:00,True
493,403,2,CREDIT,RUPAY,2025-11-17T00:00:00,True
494,404,7,DEBIT,MASTERCARD,2025-06-06T00:00:00,False
495,404,7,CREDIT,VISA,2025-10-21T00:00:00,True
496,406,9,DEBIT,RUPAY,2026-03-21T00:00:00,True
497,406,10,CREDIT,RUPAY,2025-03-09T00:00:00,True
498,407,1,DEBIT,RUPAY,2024-10-19T00:00:00,True
499,408,4,CREDIT,VISA,2025-05-14T00:00:00,True
500,410,8,CREDIT,RUPAY,2024-09-05T00:00:00,True
501,411,7,CREDIT,MASTERCARD,2025-03-01T00:00:00,True
502,411,7,DEBIT,VISA,2025-02-05T00:00:00,True
503,412,3,DEBIT,VISA,2025-12-23T00:00:00,True
504,413,7,CREDIT,AMEX,2026-01-11T00:00:00,True
505,413,5,DEBIT,RUPAY,2024-08-26T00:00:00,False
506,413,7,DEBIT,RUPAY,2025-08-08T00:00:00,True
507,414,5,CREDIT,RUPAY,2026-06-07T00:00:00,True
508,415,5,DEBIT,RUPAY,2024-09-25T00:00:00,True
509,416,3,DEBIT,VISA,2025-12-04T00:00:00,True
510,417,5,CREDIT,MASTERCARD,2025-01-18T00:00:00,True
511,417,3,DEBIT,AMEX,2026-06-25T00:00:00,True
512,419,8,CREDIT,MASTERCARD,2025-08-27T00:00:00,True
513,420,1,CREDIT,RUPAY,2024-09-14T00:00:00,True
514,421,9,CREDIT,RUPAY,2026-01-29T00:00:00,True
515,422,4,CREDIT,AMEX,2024-12-03T00:00:00,True
516,423,9,DEBIT,RUPAY,2026-05-24T00:00:00,False
517,424,5,CREDIT,RUPAY,2025-08-19T00:00:00,True
518,424,2,DEBIT,RUPAY,2026-03-17T00:00:00,True
519,425,3,CREDIT,VISA,2024-11-15T00:00:00,True
520,426,4,CREDIT,VISA,2026-06-16T00:00:00,True
521,426,8,DEBIT,RUPAY,2026-03-24T00:00:00,True
522,427,6,DEBIT,RUPAY,2026-03-26T00:00:00,True
523,427,1,DEBIT,RUPAY,2026-05-19T00:00:00,False
524,428,3,DEBIT,RUPAY,2025-04-10T00:00:00,True
525,429,8,DEBIT,VISA,2026-03-24T00:00:00,True
526,431,8,CREDIT,VISA,2026-01-18T00:00:00,True
527,432,5,CREDIT,RUPAY,2026-02-23T00:00:00,True
528,432,2,DEBIT,VISA,2026-01-23T00:00:00,True
529,433,1,DEBIT,VISA,2025-03-30T00:00:00,True
530,435,3,DEBIT,VISA,2025-10-30T00:00:00,True
531,435,2,DEBIT,AMEX,2025-02-12T00:00:00,True
532,438,4,DEBIT,VISA,2025-08-07T00:00:00,True
533,438,3,DEBIT,RUPAY,2024-09-27T00:00:00,True
534,439,9,CREDIT,VISA,2026-07-07T00:00:00,True
535,440,3,DEBIT,AMEX,2025-10-18T00:00:00,True
536,440,5,CREDIT,AMEX,2025-09-24T00:00:00,True
537,444,5,CREDIT,VISA,2026-03-02T00:00:00,True
538,445,10,DEBIT,VISA,2025-10-04T00:00:00,True
539,445,8,DEBIT,RUPAY,2025-04-15T00:00:00,True
540,446,10,CREDIT,RUPAY,2024-10-21T00:00:00,True
541,448,10,DEBIT,VISA,2025-11-07T00:00:00,True
542,449,2,DEBIT,RUPAY,2026-05-15T00:00:00,True
543,450,2,DEBIT,RUPAY,2025-01-14T00:00:00,True
544,453,1,CREDIT,RUPAY,2024-12-03T00:00:00,True
545,454,8,DEBIT,VISA,2024-11-23T00:00:00,True
546,455,6,CREDIT,RUPAY,2025-12-29T00:00:00,True
547,455,7,DEBIT,RUPAY,2025-05-23T00:00:00,True
548,455,5,DEBIT,RUPAY,2025-07-12T00:00:00,True
549,458,8,CREDIT,MASTERCARD,2026-04-07T00:00:00,True
550,459,8,DEBIT,RUPAY,2025-08-29T00:00:00,True
551,459,7,CREDIT,VISA,2026-05-30T00:00:00,True
552,459,10,CREDIT,AMEX,2025-04-11T00:00:00,True
553,460,7,DEBIT,RUPAY,2024-09-19T00:00:00,True
554,460,8,DEBIT,RUPAY,2026-01-27T00:00:00,False
555,460,7,DEBIT,RUPAY,2025-10-26T00:00:00,True
556,461,1,DEBIT,VISA,2025-06-05T00:00:00,True
557,463,5,CREDIT,RUPAY,2025-08-05T00:00:00,True
558,463,4,CREDIT,RUPAY,2025-07-08T00:00:00,True
559,465,4,DEBIT,RUPAY,2026-06-04T00:00:00,True
560,465,7,DEBIT,RUPAY,2025-02-02T00:00:00,True
561,467,4,CREDIT,VISA,2024-11-10T00:00:00,True
562,467,6,DEBIT,RUPAY,2025-09-05T00:00:00,True
563,469,8,DEBIT,RUPAY,2025-01-29T00:00:00,True
564,470,9,DEBIT,RUPAY,2026-03-06T00:00:00,True
565,471,4,CREDIT,RUPAY,2026-06-20T00:00:00,True
566,471,5,CREDIT,VISA,2025-08-07T00:00:00,True
567,473,5,DEBIT,AMEX,2025-07-07T00:00:00,True
568,473,8,DEBIT,VISA,2025-01-15T00:00:00,True
569,473,5,CREDIT,VISA,2026-07-22T00:00:00,True
570,474,4,CREDIT,VISA,2024-08-31T00:00:00,True
571,475,9,DEBIT,RUPAY,2025-10-06T00:00:00,True
572,476,10,DEBIT,AMEX,2025-05-04T00:00:00,True
573,479,4,CREDIT,MASTERCARD,2026-07-20T00:00:00,True
574,482,3,CREDIT,RUPAY,2026-01-11T00:00:00,True
575,483,10,CREDIT,VISA,2026-07-29T00:00:00,True
576,484,8,CREDIT,RUPAY,2025-11-24T00:00:00,True
577,484,8,DEBIT,VISA,2025-02-01T00:00:00,False
578,484,8,DEBIT,VISA,2025-07-31T00:00:00,True
579,485,6,CREDIT,RUPAY,2026-03-16T00:00:00,True
580,487,7,DEBIT,RUPAY,2025-09-19T00:00:00,True
581,488,5,CREDIT,RUPAY,2026-01-12T00:00:00,True
582,489,10,CREDIT,VISA,2026-04-26T00:00:00,True
583,490,2,DEBIT,RUPAY,2025-01-22T00:00:00,True
584,491,3,DEBIT,VISA,2025-12-29T00:00:00,True
585,491,6,CREDIT,RUPAY,2026-03-20T00:00:00,True
586,492,7,DEBIT,VISA,2025-07-27T00:00:00,True
587,492,5,CREDIT,RUPAY,2025-04-25T00:00:00,True
588,493,4,CREDIT,RUPAY,2024-11-01T00:00:00,True
589,494,1,DEBIT,VISA,2026-03-03T00:00:00,True
590,495,9,CREDIT,VISA,2025-06-19T00:00:00,False
591,497,3,CREDIT,RUPAY,2025-02-12T00:00:00,True
592,497,6,CREDIT,RUPAY,2025-01-15T00:00:00,True
593,498,3,DEBIT,RUPAY,2025-11-08T00:00:00,False
594,498,1,DEBIT,RUPAY,2024-12-11T00:00:00,True
595,499,6,DEBIT,RUPAY,2025-01-28T00:00:00,True
596,500,10,DEBIT,RUPAY,2026-06-15T00:00:00,True
597,500,7,DEBIT,RUPAY,2026-06-25T00:00:00,True
598,501,4,DEBIT,MASTERCARD,2025-09-27T00:00:00,False
599,502,8,DEBIT,RUPAY,2026-08-04T00:00:00,True
600,502,10,CREDIT,RUPAY,2026-06-20T00:00:00,True
601,502,9,DEBIT,RUPAY,2026-01-26T00:00:00,True
602,503,6,CREDIT,RUPAY,2025-06-05T00:00:00,True
603,504,2,DEBIT,MASTERCARD,2025-07-05T00:00:00,True
604,505,5,DEBIT,RUPAY,2026-02-01T00:00:00,True
605,506,10,DEBIT,RUPAY,2025-02-03T00:00:00,True
606,507,1,DEBIT,MASTERCARD,2025-08-05T00:00:00,True
607,508,7,DEBIT,RUPAY,2025-02-08T00:00:00,True
608,508,1,DEBIT,VISA,2025-02-16T00:00:00,True
609,509,4,DEBIT,RUPAY,2026-04-29T00:00:00,False
610,511,5,CREDIT,VISA,2025-07-14T00:00:00,True
611,511,7,DEBIT,MASTERCARD,2025-09-25T00:00:00,False
612,512,5,DEBIT,MASTERCARD,2026-03-17T00:00:00,True
613,514,5,DEBIT,VISA,2025-10-07T00:00:00,True
614,514,4,DEBIT,MASTERCARD,2026-04-16T00:00:00,False
615,514,7,CREDIT,RUPAY,2024-12-19T00:00:00,True
616,515,2,CREDIT,RUPAY,2024-10-17T00:00:00,True
617,515,6,CREDIT,RUPAY,2026-07-08T00:00:00,True
618,516,5,CREDIT,RUPAY,2024-11-29T00:00:00,True
619,517,4,DEBIT,RUPAY,2026-01-01T00:00:00,True
620,517,9,DEBIT,MASTERCARD,2024-11-29T00:00:00,True
621,518,2,DEBIT,RUPAY,2025-04-14T00:00:00,True
622,519,8,DEBIT,VISA,2026-01-07T00:00:00,True
623,519,4,DEBIT,RUPAY,2024-09-23T00:00:00,True
624,521,3,CREDIT,VISA,2026-05-31T00:00:00,True
625,521,7,CREDIT,VISA,2024-10-14T00:00:00,True
626,521,4,CREDIT,RUPAY,2024-09-04T00:00:00,True
627,522,9,CREDIT,VISA,2026-02-21T00:00:00,True
628,523,7,DEBIT,VISA,2025-01-30T00:00:00,True
629,523,6,CREDIT,VISA,2024-11-24T00:00:00,True
630,524,1,DEBIT,RUPAY,2024-12-10T00:00:00,True
631,525,9,CREDIT,RUPAY,2025-12-10T00:00:00,True
632,526,10,CREDIT,RUPAY,2025-04-10T00:00:00,True
633,527,8,DEBIT,RUPAY,2025-11-18T00:00:00,True
634,528,3,DEBIT,MASTERCARD,2025-04-30T00:00:00,True
635,529,5,CREDIT,MASTERCARD,2026-08-07T00:00:00,True
636,532,4,DEBIT,MASTERCARD,2025-10-11T00:00:00,True
637,532,8,DEBIT,MASTERCARD,2025-08-17T00:00:00,True
638,533,9,CREDIT,VISA,2025-02-21T00:00:00,True
639,535,6,DEBIT,RUPAY,2025-10-02T00:00:00,True
640,535,5,CREDIT,VISA,2024-11-29T00:00:00,True
641,536,10,DEBIT,VISA,2025-07-21T00:00:00,True
642,536,3,DEBIT,RUPAY,2025-10-26T00:00:00,True
643,536,8,CREDIT,VISA,2026-03-14T00:00:00,True
644,537,10,DEBIT,RUPAY,2026-03-21T00:00:00,True
645,537,4,CREDIT,VISA,2025-04-18T00:00:00,True
646,538,6,DEBIT,RUPAY,2026-02-04T00:00:00,True
647,538,1,DEBIT,RUPAY,2024-11-05T00:00:00,False
648,538,1,CREDIT,VISA,2025-08-10T00:00:00,True
649,539,2,CREDIT,RUPAY,2026-03-30T00:00:00,True
650,540,3,CREDIT,VISA,2026-03-08T00:00:00,True
651,542,10,DEBIT,RUPAY,2026-05-15T00:00:00,True
652,544,2,DEBIT,VISA,2025-11-08T00:00:00,True
653,544,1,CREDIT,MASTERCARD,2025-09-02T00:00:00,True
654,544,1,DEBIT,AMEX,2025-08-16T00:00:00,True
655,545,1,DEBIT,RUPAY,2026-03-13T00:00:00,True
656,546,6,CREDIT,VISA,2025-06-13T00:00:00,True
657,548,4,DEBIT,VISA,2026-08-08T00:00:00,True
658,548,2,CREDIT,AMEX,2025-12-29T00:00:00,False
659,548,10,DEBIT,VISA,2025-04-25T00:00:00,True
660,549,1,DEBIT,RUPAY,2024-10-02T00:00:00,True
661,550,7,CREDIT,VISA,2026-06-13T00:00:00,True
662,551,3,DEBIT,RUPAY,2024-08-20T00:00:00,True
663,552,8,CREDIT,VISA,2026-06-29T00:00:00,True
664,553,9,DEBIT,RUPAY,2025-09-30T00:00:00,True
665,554,5,DEBIT,MASTERCARD,2025-05-10T00:00:00,True
666,555,6,DEBIT,RUPAY,2024-09-02T00:00:00,True
667,555,2,CREDIT,VISA,2024-10-15T00:00:00,True
668,557,1,DEBIT,RUPAY,2025-07-25T00:00:00,True
669,557,10,CREDIT,RUPAY,2025-11-24T00:00:00,True
670,558,10,CREDIT,RUPAY,2025-03-02T00:00:00,True
671,558,2,CREDIT,RUPAY,2024-11-11T00:00:00,False
672,559,1,DEBIT,MASTERCARD,2026-05-12T00:00:00,True
673,560,8,DEBIT,VISA,2025-05-31T00:00:00,True
674,561,8,CREDIT,VISA,2025-02-06T00:00:00,True
675,561,5,CREDIT,RUPAY,2025-02-19T00:00:00,True
676,562,3,DEBIT,RUPAY,2025-03-31T00:00:00,True
677,563,10,DEBIT,RUPAY,2025-03-21T00:00:00,True
678,565,5,CREDIT,VISA,2024-10-12T00:00:00,True
679,566,10,DEBIT,MASTERCARD,2026-07-01T00:00:00,True
680,566,8,CREDIT,RUPAY,2024-11-08T00:00:00,True
681,567,10,DEBIT,VISA,2025-05-05T00:00:00,True
682,567,6,DEBIT,RUPAY,2025-12-14T00:00:00,True
683,567,5,DEBIT,VISA,2025-02-20T00:00:00,True
684,568,7,DEBIT,MASTERCARD,2025-09-26T00:00:00,True
685,568,8,DEBIT,VISA,2025-09-08T00:00:00,True
686,569,6,CREDIT,RUPAY,2025-01-09T00:00:00,True
687,570,3,CREDIT,RUPAY,2025-03-20T00:00:00,True
688,570,7,DEBIT,VISA,2025-02-28T00:00:00,False
689,571,9,CREDIT,VISA,2026-04-23T00:00:00,True
690,572,3,DEBIT,RUPAY,2025-08-06T00:00:00,True
691,572,2,DEBIT,RUPAY,2026-04-24T00:00:00,True
692,572,4,DEBIT,MASTERCARD,2025-03-19T00:00:00,True
693,573,3,CREDIT,VISA,2026-05-05T00:00:00,True
694,574,5,CREDIT,MASTERCARD,2026-07-16T00:00:00,True
695,575,2,CREDIT,MASTERCARD,2025-04-19T00:00:00,True
696,575,6,DEBIT,RUPAY,2025-06-26T00:00:00,True
697,575,8,DEBIT,RUPAY,2026-03-24T00:00:00,True
698,576,6,DEBIT,RUPAY,2025-04-01T00:00:00,True
699,576,10,CREDIT,RUPAY,2025-12-23T00:00:00,True
700,576,1,CREDIT,RUPAY,2025-09-07T00:00:00,True
701,577,8,DEBIT,RUPAY,2025-05-09T00:00:00,True
702,578,5,DEBIT,MASTERCARD,2024-10-09T00:00:00,True
703,579,6,DEBIT,MASTERCARD,2025-01-06T00:00:00,True
704,581,9,CREDIT,RUPAY,2025-02-18T00:00:00,True
705,582,1,DEBIT,VISA,2026-01-08T00:00:00,True
706,583,1,CREDIT,VISA,2025-06-09T00:00:00,False
707,584,2,CREDIT,RUPAY,2025-01-08T00:00:00,True
708,584,7,DEBIT,RUPAY,2025-06-27T00:00:00,True
709,585,10,DEBIT,VISA,2024-12-19T00:00:00,True
710,586,6,DEBIT,MASTERCARD,2025-06-28T00:00:00,True
711,587,7,DEBIT,MASTERCARD,2025-07-10T00:00:00,True
712,588,6,DEBIT,RUPAY,2026-01-15T00:00:00,True
713,588,3,DEBIT,RUPAY,2024-12-31T00:00:00,True
714,589,4,CREDIT,MASTERCARD,2025-08-10T00:00:00,True
715,589,7,CREDIT,VISA,2025-09-24T00:00:00,True
716,589,9,DEBIT,RUPAY,2026-07-22T00:00:00,True
717,592,5,CREDIT,VISA,2026-07-10T00:00:00,True
718,593,4,DEBIT,VISA,2025-04-05T00:00:00,True
719,593,3,DEBIT,VISA,2026-05-21T00:00:00,True
720,594,8,CREDIT,RUPAY,2025-10-08T00:00:00,True
721,594,1,CREDIT,VISA,2025-04-02T00:00:00,True
722,595,10,DEBIT,RUPAY,2025-01-25T00:00:00,True
723,595,3,DEBIT,RUPAY,2026-05-09T00:00:00,True
724,596,3,DEBIT,RUPAY,2025-04-29T00:00:00,True
725,597,2,DEBIT,MASTERCARD,2025-11-09T00:00:00,True
726,598,7,CREDIT,VISA,2025-09-10T00:00:00,True
727,599,4,DEBIT,RUPAY,2025-06-11T00:00:00,True
728,599,4,DEBIT,RUPAY,2025-08-14T00:00:00,True
729,600,5,CREDIT,VISA,2024-08-22T00:00:00,True
730,601,8,DEBIT,MASTERCARD,2025-07-11T00:00:00,True
731,602,8,DEBIT,RUPAY,2026-06-24T00:00:00,True
732,602,4,CREDIT,VISA,2024-08-10T00:00:00,True
733,603,5,DEBIT,VISA,2025-09-04T00:00:00,True
734,603,3,CREDIT,MASTERCARD,2026-06-02T00:00:00,True
735,604,2,CREDIT,RUPAY,2025-06-10T00:00:00,True
736,604,2,CREDIT,VISA,2025-03-07T00:00:00,True
737,605,1,DEBIT,RUPAY,2025-02-04T00:00:00,False
738,605,2,DEBIT,MASTERCARD,2026-03-26T00:00:00,True
739,605,5,CREDIT,RUPAY,2025-12-14T00:00:00,True
740,606,7,DEBIT,VISA,2026-01-01T00:00:00,True
741,607,1,DEBIT,VISA,2024-10-13T00:00:00,True
742,609,4,DEBIT,VISA,2025-05-15T00:00:00,True
743,609,4,CREDIT,MASTERCARD,2024-08-11T00:00:00,True
744,610,7,DEBIT,RUPAY,2025-04-04T00:00:00,True
745,611,2,DEBIT,MASTERCARD,2025-12-06T00:00:00,True
746,612,9,DEBIT,VISA,2026-05-26T00:00:00,True
747,612,3,DEBIT,MASTERCARD,2025-07-31T00:00:00,True
748,612,3,DEBIT,RUPAY,2025-12-29T00:00:00,True
749,613,2,DEBIT,RUPAY,2025-07-16T00:00:00,True
750,613,8,DEBIT,RUPAY,2026-07-07T00:00:00,True
751,613,1,CREDIT,RUPAY,2026-05-12T00:00:00,True
752,614,3,DEBIT,RUPAY,2025-03-08T00:00:00,True
753,614,7,CREDIT,MASTERCARD,2024-12-02T00:00:00,True
754,615,10,CREDIT,RUPAY,2026-06-21T00:00:00,True
755,616,6,DEBIT,VISA,2025-08-27T00:00:00,True
756,616,7,DEBIT,RUPAY,2025-03-22T00:00:00,True
757,617,2,CREDIT,RUPAY,2025-01-16T00:00:00,True
758,617,4,DEBIT,RUPAY,2026-01-08T00:00:00,True
759,618,5,CREDIT,MASTERCARD,2025-03-12T00:00:00,True
760,618,2,DEBIT,VISA,2024-08-26T00:00:00,False
761,618,2,CREDIT,RUPAY,2026-07-07T00:00:00,True
762,619,7,DEBIT,RUPAY,2024-08-20T00:00:00,True
763,619,5,CREDIT,MASTERCARD,2025-06-17T00:00:00,True
764,619,10,DEBIT,RUPAY,2026-04-09T00:00:00,False
765,620,6,CREDIT,VISA,2025-12-07T00:00:00,True
766,621,2,DEBIT,RUPAY,2025-08-04T00:00:00,True
767,622,7,CREDIT,MASTERCARD,2024-11-06T00:00:00,True
768,622,9,CREDIT,VISA,2026-05-18T00:00:00,True
769,622,8,CREDIT,VISA,2026-04-20T00:00:00,True
770,623,8,CREDIT,MASTERCARD,2024-08-20T00:00:00,True
771,624,1,DEBIT,MASTERCARD,2026-01-06T00:00:00,True
772,624,5,DEBIT,MASTERCARD,2026-02-09T00:00:00,True
773,625,9,DEBIT,RUPAY,2025-06-06T00:00:00,True
774,626,7,CREDIT,VISA,2024-10-27T00:00:00,True
775,626,8,CREDIT,MASTERCARD,2026-06-10T00:00:00,True
776,627,3,CREDIT,RUPAY,2026-03-30T00:00:00,True
777,628,2,CREDIT,VISA,2026-04-21T00:00:00,True
778,629,7,CREDIT,RUPAY,2026-07-21T00:00:00,True
779,630,1,CREDIT,RUPAY,2025-10-16T00:00:00,True
780,631,6,DEBIT,RUPAY,2025-04-16T00:00:00,True
781,631,3,CREDIT,VISA,2026-03-17T00:00:00,True
782,632,9,CREDIT,VISA,2024-10-17T00:00:00,True
783,632,3,DEBIT,VISA,2024-09-19T00:00:00,True
784,633,7,CREDIT,VISA,2024-08-22T00:00:00,True
785,634,1,CREDIT,RUPAY,2025-07-03T00:00:00,True
786,637,8,CREDIT,VISA,2026-02-27T00:00:00,True
787,638,3,DEBIT,RUPAY,2025-01-05T00:00:00,True
788,638,2,DEBIT,AMEX,2024-10-23T00:00:00,True
789,639,6,DEBIT,RUPAY,2025-09-30T00:00:00,True
790,639,7,CREDIT,VISA,2025-09-18T00:00:00,False
791,640,7,DEBIT,RUPAY,2025-03-28T00:00:00,True
792,640,3,DEBIT,RUPAY,2026-01-13T00:00:00,True
793,640,3,CREDIT,RUPAY,2026-01-01T00:00:00,True
794,641,2,DEBIT,RUPAY,2025-01-06T00:00:00,True
795,642,5,DEBIT,RUPAY,2025-07-25T00:00:00,True
796,643,5,DEBIT,MASTERCARD,2025-12-22T00:00:00,True
797,645,10,DEBIT,RUPAY,2024-12-28T00:00:00,True
798,645,2,DEBIT,AMEX,2026-02-06T00:00:00,True
799,646,5,DEBIT,RUPAY,2026-04-10T00:00:00,True
800,647,4,DEBIT,VISA,2025-06-19T00:00:00,True
801,647,6,DEBIT,MASTERCARD,2025-05-07T00:00:00,True
802,647,4,DEBIT,RUPAY,2024-12-30T00:00:00,True
803,648,6,DEBIT,RUPAY,2025-03-07T00:00:00,True
804,649,5,DEBIT,VISA,2026-05-20T00:00:00,True
805,650,8,CREDIT,MASTERCARD,2025-05-14T00:00:00,True
806,650,8,DEBIT,VISA,2026-04-22T00:00:00,True
807,651,9,DEBIT,VISA,2025-02-19T00:00:00,True
808,652,9,DEBIT,VISA,2026-03-14T00:00:00,True
809,653,8,DEBIT,MASTERCARD,2025-09-10T00:00:00,True
810,653,3,CREDIT,MASTERCARD,2024-10-04T00:00:00,False
811,653,2,CREDIT,RUPAY,2025-05-11T00:00:00,True
812,654,7,CREDIT,RUPAY,2026-03-13T00:00:00,True
813,654,2,CREDIT,RUPAY,2025-05-20T00:00:00,True
814,655,10,DEBIT,VISA,2026-02-26T00:00:00,True
815,656,10,CREDIT,VISA,2025-09-06T00:00:00,True
816,657,2,DEBIT,RUPAY,2025-05-13T00:00:00,True
817,657,2,CREDIT,RUPAY,2025-03-24T00:00:00,True
818,657,10,CREDIT,VISA,2025-03-23T00:00:00,True
819,658,7,DEBIT,RUPAY,2025-09-09T00:00:00,True
820,658,4,CREDIT,VISA,2026-08-09T00:00:00,True
821,659,10,DEBIT,VISA,2025-05-15T00:00:00,True
822,659,8,DEBIT,RUPAY,2025-07-26T00:00:00,True
823,660,8,DEBIT,MASTERCARD,2026-07-31T00:00:00,True
824,660,7,CREDIT,MASTERCARD,2025-03-21T00:00:00,True
825,661,5,DEBIT,MASTERCARD,2025-12-03T00:00:00,True
826,662,2,DEBIT,RUPAY,2025-09-12T00:00:00,True
827,663,7,DEBIT,RUPAY,2024-11-09T00:00:00,True
828,664,5,DEBIT,VISA,2026-04-01T00:00:00,True
829,665,1,DEBIT,MASTERCARD,2025-04-01T00:00:00,True
830,665,3,CREDIT,RUPAY,2024-09-30T00:00:00,True
831,666,3,CREDIT,RUPAY,2025-05-22T00:00:00,True
832,667,3,DEBIT,VISA,2024-11-12T00:00:00,True
833,668,3,CREDIT,MASTERCARD,2025-10-17T00:00:00,True
834,668,4,CREDIT,AMEX,2026-04-19T00:00:00,True
835,669,3,DEBIT,RUPAY,2026-02-27T00:00:00,True
836,670,3,CREDIT,VISA,2025-02-01T00:00:00,True
837,671,9,DEBIT,MASTERCARD,2025-01-28T00:00:00,False
838,672,10,DEBIT,RUPAY,2025-05-22T00:00:00,True
839,673,4,CREDIT,RUPAY,2024-09-22T00:00:00,True
840,673,7,CREDIT,VISA,2026-02-02T00:00:00,True
841,674,9,DEBIT,RUPAY,2025-11-30T00:00:00,True
842,676,7,DEBIT,RUPAY,2025-10-01T00:00:00,True
843,676,8,CREDIT,VISA,2024-10-24T00:00:00,True
844,677,10,DEBIT,MASTERCARD,2025-06-12T00:00:00,True
845,678,1,CREDIT,RUPAY,2025-01-07T00:00:00,True
846,679,3,DEBIT,VISA,2025-04-17T00:00:00,True
847,679,4,DEBIT,VISA,2025-09-22T00:00:00,True
848,680,8,CREDIT,AMEX,2025-04-18T00:00:00,True
849,680,2,CREDIT,VISA,2025-11-29T00:00:00,True
850,683,9,DEBIT,VISA,2025-12-13T00:00:00,True
851,684,9,CREDIT,AMEX,2025-01-06T00:00:00,True
852,685,9,CREDIT,RUPAY,2024-09-03T00:00:00,True
853,686,6,DEBIT,VISA,2024-10-01T00:00:00,True
854,686,10,CREDIT,MASTERCARD,2025-12-22T00:00:00,True
855,687,9,DEBIT,RUPAY,2024-10-17T00:00:00,True
856,687,3,DEBIT,MASTERCARD,2026-06-17T00:00:00,True
857,688,3,CREDIT,RUPAY,2024-11-13T00:00:00,True
858,688,5,CREDIT,VISA,2025-06-16T00:00:00,False
859,689,4,DEBIT,RUPAY,2025-01-12T00:00:00,True
860,690,4,CREDIT,VISA,2024-09-17T00:00:00,True
861,690,8,DEBIT,VISA,2025-01-26T00:00:00,True
862,690,8,CREDIT,RUPAY,2025-07-26T00:00:00,True
863,694,6,DEBIT,VISA,2025-01-16T00:00:00,True
864,696,10,DEBIT,VISA,2024-09-01T00:00:00,True
865,696,5,CREDIT,RUPAY,2026-01-02T00:00:00,True
866,698,5,CREDIT,VISA,2025-03-26T00:00:00,True
867,699,8,DEBIT,RUPAY,2026-07-25T00:00:00,True
868,699,6,DEBIT,MASTERCARD,2026-03-13T00:00:00,True
869,699,2,CREDIT,RUPAY,2026-06-19T00:00:00,True
870,700,7,DEBIT,MASTERCARD,2025-10-08T00:00:00,True
871,700,1,CREDIT,MASTERCARD,2025-06-21T00:00:00,True
872,702,10,CREDIT,MASTERCARD,2025-04-07T00:00:00,True
873,702,10,DEBIT,VISA,2026-04-14T00:00:00,True
874,702,7,DEBIT,VISA,2024-11-02T00:00:00,True
875,703,8,DEBIT,RUPAY,2026-07-25T00:00:00,True
876,705,3,CREDIT,RUPAY,2026-07-06T00:00:00,True
877,707,1,CREDIT,VISA,2024-11-20T00:00:00,False
878,708,10,CREDIT,RUPAY,2025-01-31T00:00:00,True
879,708,8,CREDIT,RUPAY,2026-05-02T00:00:00,True
880,708,2,DEBIT,VISA,2024-10-15T00:00:00,True
881,710,9,CREDIT,RUPAY,2026-07-16T00:00:00,True
882,710,7,DEBIT,RUPAY,2026-07-22T00:00:00,True
883,711,5,CREDIT,RUPAY,2025-09-24T00:00:00,True
884,711,4,DEBIT,RUPAY,2026-06-23T00:00:00,True
885,711,4,DEBIT,RUPAY,2024-09-16T00:00:00,True
886,712,2,DEBIT,VISA,2024-10-24T00:00:00,True
887,713,4,DEBIT,MASTERCARD,2024-12-13T00:00:00,True
888,714,10,CREDIT,RUPAY,2025-12-07T00:00:00,True
889,714,6,CREDIT,VISA,2024-10-16T00:00:00,False
890,717,8,DEBIT,MASTERCARD,2026-08-06T00:00:00,True
891,717,8,CREDIT,VISA,2026-08-04T00:00:00,True
892,718,10,DEBIT,VISA,2025-01-25T00:00:00,True
893,718,7,CREDIT,RUPAY,2025-07-18T00:00:00,True
894,718,3,CREDIT,RUPAY,2025-05-21T00:00:00,True
895,719,1,DEBIT,RUPAY,2026-05-01T00:00:00,True
896,720,9,CREDIT,VISA,2026-07-07T00:00:00,True
897,721,9,CREDIT,RUPAY,2026-04-06T00:00:00,True
898,722,1,DEBIT,RUPAY,2026-02-21T00:00:00,True
899,724,1,DEBIT,RUPAY,2024-10-13T00:00:00,True
900,728,6,DEBIT,VISA,2025-05-08T00:00:00,True
901,729,4,DEBIT,RUPAY,2025-09-18T00:00:00,True
902,730,8,CREDIT,VISA,2024-09-27T00:00:00,True
903,732,9,DEBIT,VISA,2026-05-27T00:00:00,True
904,732,10,DEBIT,MASTERCARD,2026-03-27T00:00:00,True
905,733,2,DEBIT,RUPAY,2025-09-12T00:00:00,True
906,734,4,CREDIT,MASTERCARD,2025-07-12T00:00:00,True
907,736,5,CREDIT,VISA,2025-04-30T00:00:00,True
908,738,2,DEBIT,VISA,2026-02-16T00:00:00,True
909,739,3,DEBIT,RUPAY,2024-08-13T00:00:00,True
910,740,5,DEBIT,VISA,2025-11-15T00:00:00,True
911,740,9,DEBIT,RUPAY,2025-11-29T00:00:00,True
912,741,2,CREDIT,VISA,2025-02-06T00:00:00,True
913,741,4,DEBIT,VISA,2024-08-28T00:00:00,True
914,742,2,DEBIT,VISA,2025-07-26T00:00:00,True
915,742,9,CREDIT,AMEX,2026-05-18T00:00:00,True
916,742,6,DEBIT,RUPAY,2025-10-26T00:00:00,True
917,743,4,CREDIT,RUPAY,2025-12-18T00:00:00,True
918,743,2,DEBIT,RUPAY,2026-06-13T00:00:00,True
919,744,8,CREDIT,RUPAY,2025-03-01T00:00:00,True
920,745,10,CREDIT,AMEX,2025-08-26T00:00:00,True
921,746,6,DEBIT,VISA,2024-11-16T00:00:00,True
922,746,9,DEBIT,RUPAY,2025-12-07T00:00:00,True
923,748,10,DEBIT,RUPAY,2026-05-25T00:00:00,True
924,749,5,CREDIT,VISA,2025-06-13T00:00:00,True
925,749,3,DEBIT,RUPAY,2025-01-13T00:00:00,True
926,753,5,DEBIT,VISA,2025-05-28T00:00:00,True
927,754,9,DEBIT,RUPAY,2025-08-16T00:00:00,True
928,754,5,DEBIT,VISA,2024-12-14T00:00:00,True
929,755,4,CREDIT,VISA,2026-02-24T00:00:00,True
930,755,2,DEBIT,RUPAY,2026-03-24T00:00:00,True
931,756,5,CREDIT,MASTERCARD,2024-09-20T00:00:00,True
932,756,7,CREDIT,VISA,2024-10-02T00:00:00,True
933,756,2,DEBIT,RUPAY,2024-11-27T00:00:00,True
934,757,7,DEBIT,VISA,2026-04-07T00:00:00,True
935,757,4,CREDIT,VISA,2026-06-05T00:00:00,True
936,758,1,DEBIT,RUPAY,2024-12-17T00:00:00,True
937,761,1,DEBIT,RUPAY,2026-03-23T00:00:00,True
938,761,4,DEBIT,VISA,2025-10-24T00:00:00,True
939,761,7,CREDIT,RUPAY,2025-07-28T00:00:00,True
940,763,5,CREDIT,RUPAY,2024-12-15T00:00:00,True
941,764,1,DEBIT,MASTERCARD,2025-02-21T00:00:00,True
942,764,3,DEBIT,RUPAY,2026-03-27T00:00:00,True
943,765,1,CREDIT,VISA,2024-09-26T00:00:00,True
944,766,4,CREDIT,VISA,2024-08-12T00:00:00,True
945,767,1,DEBIT,VISA,2025-11-10T00:00:00,True
946,767,2,DEBIT,VISA,2025-10-04T00:00:00,True
947,768,4,DEBIT,VISA,2025-09-12T00:00:00,True
948,771,5,DEBIT,VISA,2025-10-27T00:00:00,True
949,772,1,DEBIT,RUPAY,2025-03-06T00:00:00,True
950,772,5,CREDIT,VISA,2025-10-20T00:00:00,True
951,773,2,DEBIT,VISA,2026-05-31T00:00:00,True
952,773,4,DEBIT,VISA,2025-12-11T00:00:00,True
953,774,8,DEBIT,VISA,2025-04-07T00:00:00,True
954,775,9,DEBIT,RUPAY,2024-11-30T00:00:00,True
955,775,6,DEBIT,RUPAY,2025-05-15T00:00:00,True
956,775,9,DEBIT,RUPAY,2024-08-30T00:00:00,True
957,777,5,DEBIT,RUPAY,2026-06-25T00:00:00,True
958,777,10,DEBIT,RUPAY,2025-02-13T00:00:00,True
959,779,6,DEBIT,RUPAY,2025-10-13T00:00:00,True
960,779,1,DEBIT,VISA,2025-06-19T00:00:00,True
961,779,7,CREDIT,RUPAY,2026-04-02T00:00:00,True
962,780,10,DEBIT,MASTERCARD,2025-09-03T00:00:00,True
963,780,4,DEBIT,VISA,2025-07-20T00:00:00,True
964,781,8,CREDIT,AMEX,2024-08-26T00:00:00,True
965,782,4,DEBIT,VISA,2025-12-01T00:00:00,True
966,782,2,CREDIT,AMEX,2026-02-22T00:00:00,True
967,783,4,CREDIT,VISA,2024-08-21T00:00:00,True
968,783,7,CREDIT,VISA,2026-04-04T00:00:00,True
969,785,10,CREDIT,RUPAY,2026-04-14T00:00:00,True
970,785,4,CREDIT,RUPAY,2026-02-15T00:00:00,True
971,785,1,DEBIT,MASTERCARD,2025-03-19T00:00:00,True
972,787,4,DEBIT,VISA,2025-10-21T00:00:00,True
973,789,3,CREDIT,VISA,2026-05-14T00:00:00,True
974,790,3,CREDIT,VISA,2025-02-09T00:00:00,True
975,791,8,CREDIT,MASTERCARD,2026-05-05T00:00:00,True
976,792,4,CREDIT,RUPAY,2025-06-12T00:00:00,True
977,792,7,CREDIT,VISA,2025-01-19T00:00:00,True
978,792,1,CREDIT,VISA,2025-02-05T00:00:00,True
979,794,4,CREDIT,MASTERCARD,2025-10-29T00:00:00,True
980,794,3,CREDIT,RUPAY,2026-03-01T00:00:00,True
981,795,10,DEBIT,RUPAY,2025-07-13T00:00:00,True
982,795,3,DEBIT,RUPAY,2026-06-17T00:00:00,True
983,795,8,DEBIT,RUPAY,2025-11-08T00:00:00,True
984,796,1,CREDIT,VISA,2026-02-09T00:00:00,True
985,797,3,DEBIT,VISA,2026-07-28T00:00:00,True
986,799,10,DEBIT,RUPAY,2024-10-03T00:00:00,True
987,800,3,CREDIT,VISA,2026-04-23T00:00:00,True
988,801,2,CREDIT,RUPAY,2025-05-02T00:00:00,True
989,802,1,DEBIT,RUPAY,2025-03-08T00:00:00,True
990,802,4,DEBIT,VISA,2025-01-08T00:00:00,True
991,803,9,CREDIT,RUPAY,2025-11-24T00:00:00,True
992,803,5,DEBIT,VISA,2024-09-12T00:00:00,True
993,804,1,DEBIT,RUPAY,2024-11-03T00:00:00,True
994,804,10,CREDIT,RUPAY,2025-12-15T00:00:00,True
995,805,9,DEBIT,VISA,2026-05-17T00:00:00,True
996,805,10,CREDIT,VISA,2025-08-06T00:00:00,True
997,806,9,DEBIT,RUPAY,2025-05-04T00:00:00,True
998,806,9,DEBIT,RUPAY,2026-03-23T00:00:00,True
999,807,2,CREDIT,RUPAY,2025-06-01T00:00:00,True
1000,808,8,CREDIT,MASTERCARD,2024-09-05T00:00:00,False
1001,809,4,CREDIT,RUPAY,2024-11-08T00:00:00,True
1002,809,9,CREDIT,VISA,2025-08-31T00:00:00,True
1003,810,5,DEBIT,AMEX,2025-08-23T00:00:00,True
1004,811,10,CREDIT,VISA,2024-09-19T00:00:00,True
1005,811,1,DEBIT,VISA,2026-04-18T00:00:00,True
1006,812,1,DEBIT,RUPAY,2026-01-30T00:00:00,True
1007,812,2,CREDIT,RUPAY,2024-12-13T00:00:00,True
1008,813,9,DEBIT,RUPAY,2025-05-04T00:00:00,True
1009,814,3,DEBIT,MASTERCARD,2025-04-21T00:00:00,True
1010,814,7,DEBIT,VISA,2026-06-04T00:00:00,True
1011,815,2,CREDIT,MASTERCARD,2026-07-05T00:00:00,True
1012,816,5,DEBIT,VISA,2025-04-15T00:00:00,True
1013,817,9,DEBIT,VISA,2025-04-24T00:00:00,True
1014,820,7,CREDIT,RUPAY,2025-08-27T00:00:00,True
1015,820,1,CREDIT,RUPAY,2026-07-02T00:00:00,True
1016,820,9,DEBIT,VISA,2024-09-02T00:00:00,True
1017,821,5,DEBIT,RUPAY,2026-02-04T00:00:00,True
1018,823,6,CREDIT,RUPAY,2026-01-23T00:00:00,True
1019,823,5,CREDIT,AMEX,2025-11-29T00:00:00,True
1020,824,6,CREDIT,RUPAY,2024-10-07T00:00:00,True
1021,824,5,CREDIT,RUPAY,2025-03-11T00:00:00,True
1022,826,10,CREDIT,RUPAY,2025-09-18T00:00:00,True
1023,829,8,DEBIT,RUPAY,2024-12-14T00:00:00,True
1024,829,10,DEBIT,VISA,2024-11-11T00:00:00,True
1025,830,7,DEBIT,AMEX,2024-09-19T00:00:00,True
1026,832,10,DEBIT,MASTERCARD,2025-07-11T00:00:00,True
1027,832,2,DEBIT,RUPAY,2025-09-30T00:00:00,True
1028,832,9,DEBIT,VISA,2025-02-15T00:00:00,True
1029,833,10,CREDIT,RUPAY,2024-12-02T00:00:00,True
1030,833,10,DEBIT,VISA,2026-07-15T00:00:00,True
1031,834,5,DEBIT,RUPAY,2026-04-12T00:00:00,True
1032,834,7,DEBIT,RUPAY,2026-07-07T00:00:00,True
1033,835,3,DEBIT,VISA,2026-04-20T00:00:00,True
1034,835,2,DEBIT,RUPAY,2026-03-21T00:00:00,True
1035,836,7,DEBIT,VISA,2024-09-06T00:00:00,True
1036,837,3,DEBIT,VISA,2025-03-18T00:00:00,True
1037,838,8,CREDIT,VISA,2024-10-27T00:00:00,True
1038,840,5,CREDIT,RUPAY,2024-09-22T00:00:00,True
1039,840,1,DEBIT,VISA,2025-12-27T00:00:00,True
1040,841,1,DEBIT,VISA,2024-12-19T00:00:00,True
1041,841,1,DEBIT,RUPAY,2024-10-05T00:00:00,True
1042,841,4,CREDIT,MASTERCARD,2026-04-24T00:00:00,True
1043,843,8,CREDIT,RUPAY,2025-03-15T00:00:00,True
1044,844,6,CREDIT,RUPAY,2026-01-13T00:00:00,True
1045,845,8,DEBIT,RUPAY,2025-01-03T00:00:00,True
1046,848,2,CREDIT,RUPAY,2024-08-15T00:00:00,True
1047,848,8,DEBIT,VISA,2025-04-10T00:00:00,True
1048,848,9,DEBIT,RUPAY,2025-10-01T00:00:00,False
1049,849,2,CREDIT,RUPAY,2025-11-15T00:00:00,True
1050,850,9,CREDIT,RUPAY,2026-08-04T00:00:00,True
1051,850,5,CREDIT,VISA,2024-08-26T00:00:00,True
1052,851,3,DEBIT,RUPAY,2026-03-19T00:00:00,True
1053,852,10,DEBIT,RUPAY,2026-06-13T00:00:00,True
1054,852,9,DEBIT,RUPAY,2026-07-03T00:00:00,True
1055,854,5,CREDIT,RUPAY,2026-03-26T00:00:00,True
1056,854,10,CREDIT,VISA,2024-11-23T00:00:00,True
1057,855,10,DEBIT,AMEX,2025-02-25T00:00:00,True
1058,855,4,CREDIT,RUPAY,2025-03-26T00:00:00,True
1059,856,7,DEBIT,AMEX,2024-10-05T00:00:00,True
1060,856,1,DEBIT,MASTERCARD,2025-09-21T00:00:00,True
1061,856,8,DEBIT,AMEX,2024-09-10T00:00:00,True
1062,857,9,DEBIT,RUPAY,2026-01-24T00:00:00,True
1063,858,6,DEBIT,RUPAY,2026-01-24T00:00:00,True
1064,858,9,DEBIT,RUPAY,2025-05-28T00:00:00,True
1065,862,10,DEBIT,VISA,2026-02-23T00:00:00,True
1066,863,6,DEBIT,VISA,2026-06-17T00:00:00,True
1067,864,7,CREDIT,RUPAY,2025-03-19T00:00:00,False
1068,865,3,DEBIT,RUPAY,2025-06-27T00:00:00,True
1069,867,4,DEBIT,MASTERCARD,2025-01-09T00:00:00,True
1070,868,9,CREDIT,RUPAY,2024-09-09T00:00:00,True
1071,869,1,CREDIT,RUPAY,2025-10-28T00:00:00,True
1072,869,7,CREDIT,VISA,2025-09-10T00:00:00,True
1073,870,10,CREDIT,AMEX,2024-09-05T00:00:00,False
1074,870,2,CREDIT,VISA,2026-06-04T00:00:00,True
1075,871,6,CREDIT,MASTERCARD,2025-02-07T00:00:00,True
1076,871,9,CREDIT,RUPAY,2025-11-06T00:00:00,True
1077,872,6,CREDIT,VISA,2024-08-27T00:00:00,True
1078,873,7,CREDIT,RUPAY,2025-11-12T00:00:00,True
1079,874,7,DEBIT,RUPAY,2025-07-28T00:00:00,False
1080,874,2,DEBIT,MASTERCARD,2026-05-12T00:00:00,True
1081,878,2,DEBIT,VISA,2025-09-20T00:00:00,True
1082,878,9,CREDIT,AMEX,2025-03-01T00:00:00,True
1083,878,4,CREDIT,VISA,2025-06-27T00:00:00,True
1084,880,7,CREDIT,RUPAY,2024-10-30T00:00:00,True
1085,880,4,DEBIT,RUPAY,2025-01-25T00:00:00,True
1086,880,2,DEBIT,VISA,2024-12-03T00:00:00,True
1087,881,6,CREDIT,MASTERCARD,2026-03-20T00:00:00,True
1088,881,7,CREDIT,VISA,2024-10-25T00:00:00,True
1089,882,10,CREDIT,AMEX,2026-03-25T00:00:00,True
1090,883,9,CREDIT,RUPAY,2025-10-25T00:00:00,True
1091,885,5,DEBIT,MASTERCARD,2026-02-08T00:00:00,True
1092,886,8,DEBIT,VISA,2025-02-17T00:00:00,True
1093,888,10,DEBIT,VISA,2026-05-15T00:00:00,True
1094,888,9,DEBIT,MASTERCARD,2026-03-19T00:00:00,True
1095,889,10,DEBIT,RUPAY,2025-04-04T00:00:00,True
1096,890,9,CREDIT,RUPAY,2025-07-02T00:00:00,True
1097,890,6,CREDIT,RUPAY,2024-09-02T00:00:00,True
1098,891,7,DEBIT,RUPAY,2024-12-09T00:00:00,True
1099,892,8,CREDIT,MASTERCARD,2025-01-07T00:00:00,True
1100,893,7,DEBIT,VISA,2025-02-01T00:00:00,True
1101,893,6,CREDIT,VISA,2025-09-16T00:00:00,True
1102,894,6,DEBIT,MASTERCARD,2024-11-25T00:00:00,True
1103,895,2,DEBIT,RUPAY,2025-02-04T00:00:00,True
1104,896,7,DEBIT,RUPAY,2024-09-19T00:00:00,True
1105,897,4,DEBIT,RUPAY,2025-06-01T00:00:00,True
1106,897,1,DEBIT,VISA,2024-09-17T00:00:00,True
1107,898,4,DEBIT,RUPAY,2026-04-14T00:00:00,True
1108,898,5,DEBIT,VISA,2024-12-21T00:00:00,True
1109,898,10,CREDIT,RUPAY,2026-01-16T00:00:00,True
1110,899,6,DEBIT,RUPAY,2025-11-21T00:00:00,True
1111,900,8,CREDIT,RUPAY,2025-04-07T00:00:00,True
1112,901,4,DEBIT,AMEX,2025-02-17T00:00:00,False
1113,902,2,DEBIT,VISA,2026-05-14T00:00:00,True
1114,903,8,CREDIT,VISA,2026-05-10T00:00:00,True
1115,903,7,DEBIT,RUPAY,2025-01-14T00:00:00,True
1116,904,4,DEBIT,RUPAY,2026-05-30T00:00:00,True
1117,905,3,DEBIT,RUPAY,2025-08-22T00:00:00,True
1118,906,6,DEBIT,MASTERCARD,2026-05-06T00:00:00,True
1119,907,2,CREDIT,RUPAY,2025-02-06T00:00:00,True
1120,908,5,CREDIT,RUPAY,2025-11-24T00:00:00,True
1121,909,10,CREDIT,RUPAY,2026-05-21T00:00:00,True
1122,910,5,DEBIT,RUPAY,2025-03-25T00:00:00,True
1123,910,4,DEBIT,RUPAY,2026-03-19T00:00:00,True
1124,911,2,DEBIT,RUPAY,2025-02-17T00:00:00,True
1125,912,8,CREDIT,RUPAY,2025-09-12T00:00:00,True
1126,912,10,CREDIT,RUPAY,2025-03-24T00:00:00,True
1127,912,4,CREDIT,RUPAY,2026-07-13T00:00:00,True
1128,913,9,CREDIT,RUPAY,2025-08-23T00:00:00,True
1129,913,8,DEBIT,AMEX,2026-03-05T00:00:00,True
1130,913,10,CREDIT,MASTERCARD,2026-07-07T00:00:00,True
1131,914,5,DEBIT,VISA,2026-07-02T00:00:00,True
1132,916,8,DEBIT,VISA,2025-03-01T00:00:00,True
1133,916,6,DEBIT,VISA,2024-09-17T00:00:00,True
1134,917,2,CREDIT,MASTERCARD,2025-07-10T00:00:00,True
1135,918,3,CREDIT,RUPAY,2025-10-13T00:00:00,True
1136,920,7,DEBIT,VISA,2024-08-26T00:00:00,True
1137,921,2,CREDIT,RUPAY,2024-11-07T00:00:00,False
1138,921,6,CREDIT,MASTERCARD,2026-02-02T00:00:00,True
1139,922,8,DEBIT,RUPAY,2024-12-22T00:00:00,True
1140,923,4,DEBIT,RUPAY,2025-08-01T00:00:00,True
1141,926,7,DEBIT,AMEX,2026-03-30T00:00:00,True
1142,926,8,DEBIT,VISA,2025-01-28T00:00:00,True
1143,926,6,DEBIT,AMEX,2026-06-26T00:00:00,True
1144,927,7,DEBIT,RUPAY,2025-06-30T00:00:00,True
1145,927,10,CREDIT,RUPAY,2025-06-17T00:00:00,True
1146,931,3,DEBIT,VISA,2024-09-19T00:00:00,False
1147,933,4,CREDIT,VISA,2026-05-30T00:00:00,True
1148,936,2,CREDIT,VISA,2025-12-15T00:00:00,False
1149,936,4,DEBIT,MASTERCARD,2025-02-12T00:00:00,True
1150,937,9,DEBIT,MASTERCARD,2026-04-02T00:00:00,True
1151,938,4,DEBIT,RUPAY,2025-11-04T00:00:00,True
1152,939,1,CREDIT,RUPAY,2026-07-31T00:00:00,True
1153,940,2,DEBIT,RUPAY,2025-02-03T00:00:00,True
1154,942,2,CREDIT,RUPAY,2026-06-01T00:00:00,False
1155,943,7,DEBIT,RUPAY,2026-01-24T00:00:00,True
1156,944,9,DEBIT,VISA,2025-01-26T00:00:00,True
1157,945,8,CREDIT,VISA,2025-08-03T00:00:00,True
1158,945,6,CREDIT,AMEX,2026-03-08T00:00:00,True
1159,946,10,DEBIT,VISA,2026-05-05T00:00:00,True
1160,949,9,CREDIT,VISA,2024-10-03T00:00:00,True
1161,950,2,DEBIT,VISA,2025-11-21T00:00:00,True
1162,951,4,DEBIT,RUPAY,2025-02-16T00:00:00,True
1163,951,1,CREDIT,VISA,2026-03-23T00:00:00,True
1164,953,3,DEBIT,RUPAY,2025-07-10T00:00:00,True
1165,954,4,DEBIT,VISA,2025-01-27T00:00:00,True
1166,954,6,DEBIT,VISA,2026-03-24T00:00:00,True
1167,955,5,CREDIT,VISA,2026-06-01T00:00:00,True
1168,956,3,DEBIT,VISA,2024-08-30T00:00:00,True
1169,957,8,DEBIT,RUPAY,2025-02-10T00:00:00,True
1170,958,10,DEBIT,VISA,2025-02-04T00:00:00,True
1171,958,3,CREDIT,VISA,2026-04-12T00:00:00,True
1172,959,2,CREDIT,RUPAY,2025-07-10T00:00:00,True
1173,962,1,DEBIT,RUPAY,2024-11-18T00:00:00,True
1174,963,1,DEBIT,VISA,2024-09-24T00:00:00,True
1175,963,9,DEBIT,RUPAY,2026-07-13T00:00:00,True
1176,964,10,DEBIT,RUPAY,2026-07-20T00:00:00,True
1177,965,9,CREDIT,VISA,2026-02-08T00:00:00,True
1178,966,1,CREDIT,VISA,2025-06-15T00:00:00,True
1179,966,7,DEBIT,RUPAY,2026-03-20T00:00:00,True
1180,967,3,DEBIT,RUPAY,2026-03-17T00:00:00,True
1181,969,10,CREDIT,RUPAY,2026-04-02T00:00:00,True
1182,970,4,DEBIT,RUPAY,2026-01-15T00:00:00,True
1183,971,1,DEBIT,AMEX,2024-11-02T00:00:00,True
1184,972,2,CREDIT,VISA,2025-01-11T00:00:00,True
1185,973,8,DEBIT,RUPAY,2024-12-30T00:00:00,True
1186,974,2,CREDIT,MASTERCARD,2024-11-25T00:00:00,True
1187,974,3,CREDIT,RUPAY,2024-09-11T00:00:00,True
1188,975,9,DEBIT,RUPAY,2025-02-28T00:00:00,True
1189,975,4,CREDIT,RUPAY,2025-10-25T00:00:00,True
1190,976,3,DEBIT,RUPAY,2025-06-14T00:00:00,True
1191,977,5,CREDIT,VISA,2024-09-02T00:00:00,True
1192,977,7,DEBIT,VISA,2025-07-21T00:00:00,True
1193,978,3,CREDIT,VISA,2024-12-19T00:00:00,False
1194,980,6,DEBIT,RUPAY,2024-10-16T00:00:00,True
1195,980,1,DEBIT,VISA,2026-06-23T00:00:00,True
1196,981,10,DEBIT,VISA,2024-11-17T00:00:00,True
1197,981,8,CREDIT,VISA,2025-10-18T00:00:00,True
1198,982,7,CREDIT,RUPAY,2025-03-15T00:00:00,True
1199,983,3,CREDIT,AMEX,2024-10-04T00:00:00,True
1200,984,4,DEBIT,VISA,2025-01-27T00:00:00,True
1201,985,2,DEBIT,RUPAY,2024-09-01T00:00:00,True
1202,985,3,CREDIT,VISA,2026-06-06T00:00:00,True
1203,986,3,DEBIT,RUPAY,2026-05-29T00:00:00,False
1204,987,1,CREDIT,VISA,2026-05-02T00:00:00,True
1205,987,7,DEBIT,RUPAY,2026-05-27T00:00:00,True
1206,988,10,CREDIT,MASTERCARD,2026-07-04T00:00:00,True
1207,988,6,CREDIT,MASTERCARD,2025-02-02T00:00:00,True
1208,989,3,DEBIT,VISA,2025-10-28T00:00:00,False
1209,989,1,DEBIT,RUPAY,2026-01-18T00:00:00,True
1210,990,7,DEBIT,VISA,2025-09-22T00:00:00,True
1211,990,2,DEBIT,MASTERCARD,2024-09-22T00:00:00,True
1212,991,6,DEBIT,VISA,2024-09-10T00:00:00,True
1213,991,2,DEBIT,RUPAY,2025-11-27T00:00:00,True
1214,992,2,CREDIT,MASTERCARD,2025-04-01T00:00:00,True
1215,995,5,DEBIT,VISA,2025-09-24T00:00:00,True
1216,995,4,CREDIT,RUPAY,2025-02-12T00:00:00,True
1217,995,9,DEBIT,MASTERCARD,2026-07-31T00:00:00,True
1218,996,2,DEBIT,VISA,2026-06-28T00:00:00,True
1219,997,3,DEBIT,RUPAY,2025-11-03T00:00:00,True
1220,997,7,DEBIT,MASTERCARD,2025-01-09T00:00:00,True
1221,998,3,DEBIT,MASTERCARD,2024-09-11T00:00:00,True
1222,999,2,CREDIT,VISA,2026-04-05T00:00:00,False
1223,1000,8,DEBIT,RUPAY,2024-12-15T00:00:00,True
1224,1001,5,DEBIT,RUPAY,2026-02-26T00:00:00,True
1225,1001,10,DEBIT,RUPAY,2026-05-18T00:00:00,True
1226,1002,2,CREDIT,VISA,2025-04-28T00:00:00,True
1227,1003,5,DEBIT,RUPAY,2025-12-31T00:00:00,True
1228,1003,7,DEBIT,RUPAY,2025-12-27T00:00:00,True
1229,1004,10,DEBIT,VISA,2025-10-08T00:00:00,True
1230,1005,7,DEBIT,AMEX,2025-01-09T00:00:00,True
1231,1006,8,DEBIT,VISA,2025-02-04T00:00:00,True
1232,1007,9,DEBIT,RUPAY,2026-03-29T00:00:00,True
1233,1008,1,CREDIT,RUPAY,2025-05-07T00:00:00,True
1234,1008,7,DEBIT,AMEX,2024-12-30T00:00:00,False
1235,1009,9,DEBIT,VISA,2025-10-04T00:00:00,True
1236,1010,1,DEBIT,RUPAY,2025-05-02T00:00:00,True
1237,1010,9,DEBIT,RUPAY,2025-04-07T00:00:00,True
1238,1011,9,DEBIT,RUPAY,2026-03-31T00:00:00,True
1239,1011,3,DEBIT,VISA,2025-11-08T00:00:00,True
1240,1012,10,DEBIT,RUPAY,2026-01-12T00:00:00,False
1241,1014,7,DEBIT,VISA,2024-12-29T00:00:00,True
1242,1015,6,DEBIT,RUPAY,2025-04-05T00:00:00,True
1243,1015,8,DEBIT,MASTERCARD,2024-08-21T00:00:00,True
1244,1015,1,DEBIT,VISA,2024-09-26T00:00:00,True
1245,1016,3,DEBIT,MASTERCARD,2024-11-05T00:00:00,True
1246,1016,7,CREDIT,RUPAY,2024-11-04T00:00:00,True
1247,1017,10,CREDIT,VISA,2026-06-27T00:00:00,True
1248,1019,7,DEBIT,AMEX,2025-12-11T00:00:00,True
1249,1019,1,CREDIT,RUPAY,2025-04-01T00:00:00,True
1250,1020,10,DEBIT,MASTERCARD,2024-09-24T00:00:00,True
1251,1020,9,DEBIT,VISA,2025-05-27T00:00:00,True
1252,1022,7,CREDIT,RUPAY,2025-11-24T00:00:00,True
1253,1024,3,CREDIT,VISA,2026-04-21T00:00:00,True
1254,1024,5,DEBIT,MASTERCARD,2026-02-20T00:00:00,True
1255,1025,1,CREDIT,RUPAY,2025-01-12T00:00:00,True
1256,1025,1,CREDIT,VISA,2025-09-09T00:00:00,True
1257,1027,7,CREDIT,RUPAY,2024-08-10T00:00:00,True
1258,1027,10,DEBIT,RUPAY,2025-05-09T00:00:00,True
1259,1028,10,CREDIT,MASTERCARD,2025-05-01T00:00:00,True
1260,1029,9,DEBIT,RUPAY,2025-10-19T00:00:00,False
1261,1029,2,CREDIT,VISA,2024-12-03T00:00:00,True
1262,1029,4,CREDIT,RUPAY,2026-04-16T00:00:00,True
1263,1030,4,DEBIT,VISA,2025-03-16T00:00:00,True
1264,1030,7,DEBIT,VISA,2025-04-21T00:00:00,False
1265,1031,2,DEBIT,RUPAY,2026-07-28T00:00:00,False
1266,1032,5,DEBIT,MASTERCARD,2025-05-05T00:00:00,True
1267,1032,2,DEBIT,RUPAY,2025-02-23T00:00:00,True
1268,1032,5,CREDIT,RUPAY,2025-09-25T00:00:00,True
1269,1033,2,DEBIT,VISA,2025-05-01T00:00:00,True
1270,1033,10,DEBIT,RUPAY,2026-02-20T00:00:00,True
1271,1035,9,CREDIT,VISA,2025-11-06T00:00:00,True
1272,1036,4,DEBIT,RUPAY,2025-09-17T00:00:00,True
1273,1036,5,DEBIT,RUPAY,2026-02-12T00:00:00,True
1274,1036,4,DEBIT,RUPAY,2026-07-24T00:00:00,True
1275,1037,7,DEBIT,RUPAY,2024-11-10T00:00:00,True
1276,1037,10,CREDIT,VISA,2026-06-16T00:00:00,False
1277,1037,2,DEBIT,RUPAY,2026-07-06T00:00:00,True
1278,1039,4,DEBIT,MASTERCARD,2026-07-22T00:00:00,False
1279,1039,2,CREDIT,VISA,2026-07-10T00:00:00,True
1280,1039,4,DEBIT,RUPAY,2026-03-01T00:00:00,True
1281,1040,7,DEBIT,RUPAY,2024-11-20T00:00:00,True
1282,1041,1,CREDIT,VISA,2024-09-04T00:00:00,True
1283,1042,3,CREDIT,AMEX,2025-04-23T00:00:00,True
1284,1043,7,DEBIT,VISA,2026-03-03T00:00:00,True
1285,1044,6,DEBIT,VISA,2024-08-24T00:00:00,True
1286,1046,8,DEBIT,VISA,2024-09-08T00:00:00,True
1287,1046,5,DEBIT,AMEX,2025-02-22T00:00:00,True
1288,1048,6,CREDIT,MASTERCARD,2025-09-04T00:00:00,True
1289,1050,5,CREDIT,MASTERCARD,2025-07-18T00:00:00,True
1290,1051,1,DEBIT,RUPAY,2025-01-21T00:00:00,True
1291,1051,2,CREDIT,VISA,2025-11-15T00:00:00,True
1292,1051,8,DEBIT,MASTERCARD,2025-09-24T00:00:00,True
1293,1052,1,CREDIT,VISA,2026-08-06T00:00:00,True
1294,1053,9,DEBIT,VISA,2026-01-21T00:00:00,True
1295,1053,1,CREDIT,RUPAY,2026-02-10T00:00:00,False
1296,1053,8,DEBIT,AMEX,2025-12-15T00:00:00,True
1297,1055,3,DEBIT,RUPAY,2025-08-11T00:00:00,True
1298,1055,1,DEBIT,VISA,2024-12-26T00:00:00,True
1299,1056,3,DEBIT,MASTERCARD,2025-01-07T00:00:00,True
1300,1058,4,DEBIT,RUPAY,2025-07-26T00:00:00,True
1301,1059,7,DEBIT,RUPAY,2025-11-25T00:00:00,True
1302,1061,5,DEBIT,VISA,2024-12-18T00:00:00,True
1303,1062,9,CREDIT,VISA,2025-05-11T00:00:00,False
1304,1062,7,CREDIT,RUPAY,2025-05-29T00:00:00,True
1305,1063,4,DEBIT,VISA,2024-12-31T00:00:00,True
1306,1064,8,CREDIT,RUPAY,2025-12-26T00:00:00,True
1307,1064,10,DEBIT,AMEX,2025-11-14T00:00:00,True
1308,1065,4,DEBIT,RUPAY,2026-07-05T00:00:00,True
1309,1065,8,CREDIT,VISA,2026-03-01T00:00:00,True
1310,1066,8,CREDIT,VISA,2026-02-16T00:00:00,True
1311,1066,2,DEBIT,MASTERCARD,2025-04-19T00:00:00,True
1312,1067,4,CREDIT,RUPAY,2025-04-02T00:00:00,True
1313,1067,9,DEBIT,VISA,2026-05-11T00:00:00,True
1314,1068,5,CREDIT,RUPAY,2026-07-27T00:00:00,True
1315,1069,7,DEBIT,RUPAY,2026-01-18T00:00:00,True
1316,1071,5,CREDIT,RUPAY,2025-08-13T00:00:00,True
1317,1072,4,DEBIT,RUPAY,2026-07-15T00:00:00,True
1318,1072,10,DEBIT,MASTERCARD,2026-02-26T00:00:00,True
1319,1073,6,CREDIT,RUPAY,2025-01-07T00:00:00,True
1320,1073,9,DEBIT,VISA,2026-02-12T00:00:00,True
1321,1075,10,DEBIT,RUPAY,2026-07-18T00:00:00,True
1322,1076,8,DEBIT,VISA,2025-12-13T00:00:00,True
1323,1076,8,DEBIT,VISA,2025-04-05T00:00:00,False
1324,1076,2,DEBIT,AMEX,2026-02-14T00:00:00,True
1325,1077,5,CREDIT,VISA,2026-03-03T00:00:00,True
1326,1078,4,CREDIT,RUPAY,2025-01-11T00:00:00,True
1327,1080,7,DEBIT,VISA,2026-03-13T00:00:00,True
1328,1081,1,DEBIT,RUPAY,2025-03-15T00:00:00,True
1329,1081,2,CREDIT,VISA,2025-02-15T00:00:00,True
1330,1083,7,DEBIT,MASTERCARD,2024-09-25T00:00:00,True
1331,1083,9,DEBIT,RUPAY,2026-03-04T00:00:00,True
1332,1084,2,CREDIT,VISA,2025-06-08T00:00:00,True
1333,1084,7,DEBIT,VISA,2025-04-07T00:00:00,True
1334,1085,4,DEBIT,VISA,2026-01-14T00:00:00,True
1335,1086,9,DEBIT,VISA,2025-06-22T00:00:00,True
1336,1088,2,CREDIT,VISA,2024-08-27T00:00:00,True
1337,1088,7,DEBIT,VISA,2025-05-22T00:00:00,True
1338,1090,2,CREDIT,RUPAY,2024-09-26T00:00:00,True
1339,1092,2,CREDIT,RUPAY,2025-09-16T00:00:00,True
1340,1093,2,DEBIT,RUPAY,2025-03-28T00:00:00,True
1341,1094,6,CREDIT,RUPAY,2026-04-07T00:00:00,True
1342,1095,10,CREDIT,RUPAY,2025-02-25T00:00:00,True
1343,1096,3,CREDIT,RUPAY,2026-03-11T00:00:00,True
1344,1097,1,DEBIT,RUPAY,2026-03-04T00:00:00,True
1345,1097,10,CREDIT,RUPAY,2026-07-09T00:00:00,True
1346,1098,6,CREDIT,RUPAY,2025-10-23T00:00:00,True
1347,1098,8,DEBIT,RUPAY,2025-08-31T00:00:00,False
1348,1099,2,CREDIT,RUPAY,2025-08-12T00:00:00,True
1349,1101,3,CREDIT,VISA,2024-10-29T00:00:00,True
1350,1102,10,CREDIT,VISA,2024-10-23T00:00:00,True
1351,1102,6,CREDIT,VISA,2024-12-08T00:00:00,True
1352,1102,8,CREDIT,VISA,2024-12-29T00:00:00,True
1353,1103,2,CREDIT,RUPAY,2026-06-01T00:00:00,True
1354,1104,10,DEBIT,VISA,2025-05-09T00:00:00,True
1355,1104,3,DEBIT,MASTERCARD,2026-01-16T00:00:00,True
1356,1105,5,DEBIT,MASTERCARD,2024-12-23T00:00:00,True
1357,1105,9,CREDIT,VISA,2025-12-20T00:00:00,True
1358,1106,9,CREDIT,RUPAY,2025-01-01T00:00:00,True
1359,1108,10,CREDIT,RUPAY,2024-10-13T00:00:00,True
1360,1109,6,DEBIT,AMEX,2025-11-23T00:00:00,True
1361,1109,3,CREDIT,RUPAY,2025-02-07T00:00:00,True
1362,1111,5,CREDIT,VISA,2026-01-24T00:00:00,True
1363,1111,9,CREDIT,RUPAY,2025-11-16T00:00:00,True
1364,1112,7,DEBIT,RUPAY,2025-08-27T00:00:00,False
1365,1113,9,DEBIT,RUPAY,2024-10-09T00:00:00,True
1366,1113,10,CREDIT,VISA,2025-02-08T00:00:00,True
1367,1115,2,CREDIT,MASTERCARD,2024-09-23T00:00:00,True
1368,1115,4,DEBIT,RUPAY,2025-11-04T00:00:00,True
1369,1116,1,DEBIT,RUPAY,2026-04-09T00:00:00,True
1370,1117,5,DEBIT,RUPAY,2026-06-10T00:00:00,True
1371,1117,9,DEBIT,VISA,2026-08-08T00:00:00,True
1372,1117,5,CREDIT,RUPAY,2026-03-14T00:00:00,True
1373,1118,4,DEBIT,MASTERCARD,2024-12-22T00:00:00,True
1374,1119,2,DEBIT,RUPAY,2026-05-11T00:00:00,True
1375,1120,8,CREDIT,VISA,2026-02-12T00:00:00,True
1376,1122,5,CREDIT,VISA,2026-03-07T00:00:00,True
1377,1123,2,DEBIT,VISA,2025-08-13T00:00:00,True
1378,1123,9,DEBIT,RUPAY,2025-07-21T00:00:00,True
1379,1124,7,DEBIT,AMEX,2025-10-29T00:00:00,False
1380,1125,9,CREDIT,RUPAY,2025-04-24T00:00:00,True
1381,1127,3,CREDIT,VISA,2026-05-17T00:00:00,True
1382,1128,9,CREDIT,VISA,2025-11-09T00:00:00,True
1383,1128,5,DEBIT,MASTERCARD,2025-11-12T00:00:00,True
1384,1128,6,CREDIT,AMEX,2025-01-20T00:00:00,True
1385,1129,10,CREDIT,RUPAY,2025-07-08T00:00:00,True
1386,1129,8,DEBIT,VISA,2024-09-07T00:00:00,True
1387,1130,2,DEBIT,AMEX,2025-11-26T00:00:00,True
1388,1130,7,CREDIT,AMEX,2024-08-29T00:00:00,True
1389,1132,7,CREDIT,RUPAY,2025-01-29T00:00:00,True
1390,1133,4,CREDIT,RUPAY,2025-05-11T00:00:00,True
1391,1133,2,DEBIT,AMEX,2024-11-02T00:00:00,True
1392,1134,10,CREDIT,AMEX,2024-08-20T00:00:00,True
1393,1134,7,DEBIT,RUPAY,2024-09-30T00:00:00,True
1394,1134,2,CREDIT,RUPAY,2025-02-13T00:00:00,True
1395,1135,10,CREDIT,RUPAY,2026-05-04T00:00:00,True
1396,1135,8,CREDIT,AMEX,2025-12-27T00:00:00,True
1397,1136,3,DEBIT,RUPAY,2025-08-07T00:00:00,True
1398,1137,1,DEBIT,RUPAY,2024-10-16T00:00:00,False
1399,1139,4,DEBIT,RUPAY,2024-08-22T00:00:00,True
1400,1139,10,CREDIT,VISA,2024-12-17T00:00:00,True
1401,1141,5,CREDIT,RUPAY,2026-05-13T00:00:00,True
1402,1142,6,DEBIT,RUPAY,2025-02-04T00:00:00,True
1403,1143,4,DEBIT,RUPAY,2025-07-24T00:00:00,True
1404,1143,6,CREDIT,VISA,2025-10-01T00:00:00,True
1405,1144,1,CREDIT,MASTERCARD,2026-02-21T00:00:00,True
1406,1145,8,CREDIT,RUPAY,2025-04-14T00:00:00,True
1407,1145,9,CREDIT,RUPAY,2025-03-21T00:00:00,True
1408,1146,10,DEBIT,AMEX,2025-03-28T00:00:00,False
1409,1147,3,CREDIT,VISA,2025-01-21T00:00:00,True
1410,1149,7,CREDIT,VISA,2025-09-14T00:00:00,True
1411,1150,3,DEBIT,RUPAY,2026-06-18T00:00:00,True
1412,1151,4,CREDIT,RUPAY,2024-10-20T00:00:00,False
1413,1152,7,DEBIT,VISA,2025-04-17T00:00:00,False
1414,1153,7,DEBIT,VISA,2025-01-12T00:00:00,True
1415,1154,8,CREDIT,VISA,2024-08-16T00:00:00,True
1416,1155,8,CREDIT,RUPAY,2026-03-09T00:00:00,True
1417,1155,9,DEBIT,RUPAY,2025-02-16T00:00:00,True
1418,1155,10,DEBIT,RUPAY,2025-06-25T00:00:00,True
1419,1156,4,DEBIT,RUPAY,2025-02-09T00:00:00,True
1420,1156,3,DEBIT,MASTERCARD,2025-02-17T00:00:00,True
1421,1156,8,DEBIT,RUPAY,2026-07-22T00:00:00,True
1422,1157,2,DEBIT,RUPAY,2025-03-29T00:00:00,True
1423,1158,7,DEBIT,VISA,2026-06-03T00:00:00,True
1424,1159,6,DEBIT,RUPAY,2024-12-15T00:00:00,True
1425,1161,10,CREDIT,VISA,2024-12-02T00:00:00,True
1426,1161,4,DEBIT,VISA,2026-02-24T00:00:00,True
1427,1162,8,DEBIT,MASTERCARD,2026-07-31T00:00:00,True
1428,1163,1,DEBIT,RUPAY,2025-04-09T00:00:00,True
1429,1164,4,CREDIT,AMEX,2026-04-25T00:00:00,True
1430,1164,9,DEBIT,MASTERCARD,2025-02-02T00:00:00,True
1431,1165,5,DEBIT,RUPAY,2026-01-18T00:00:00,True
1432,1165,8,CREDIT,VISA,2026-02-25T00:00:00,True
1433,1165,5,DEBIT,RUPAY,2025-04-01T00:00:00,True
1434,1167,5,DEBIT,VISA,2025-03-14T00:00:00,True
1435,1170,6,DEBIT,RUPAY,2026-07-28T00:00:00,False
1436,1171,1,CREDIT,RUPAY,2024-09-30T00:00:00,True
1437,1171,3,CREDIT,VISA,2025-11-02T00:00:00,True
1438,1173,4,CREDIT,VISA,2024-12-21T00:00:00,True
1439,1173,7,CREDIT,VISA,2025-04-26T00:00:00,True
1440,1174,1,CREDIT,RUPAY,2025-04-03T00:00:00,True
1441,1174,8,DEBIT,MASTERCARD,2026-03-31T00:00:00,True
1442,1174,9,CREDIT,RUPAY,2026-07-11T00:00:00,False
1443,1175,7,DEBIT,RUPAY,2024-10-24T00:00:00,True
1444,1176,3,DEBIT,AMEX,2025-03-21T00:00:00,True
1445,1176,1,CREDIT,RUPAY,2026-02-15T00:00:00,True
1446,1177,3,CREDIT,VISA,2025-03-05T00:00:00,True
1447,1178,1,CREDIT,RUPAY,2025-08-22T00:00:00,True
1448,1179,7,DEBIT,RUPAY,2024-09-20T00:00:00,True
1449,1179,7,DEBIT,VISA,2026-01-16T00:00:00,True
1450,1179,6,CREDIT,VISA,2025-05-30T00:00:00,True
1451,1180,1,DEBIT,MASTERCARD,2025-02-27T00:00:00,True
1452,1181,4,DEBIT,VISA,2025-06-15T00:00:00,True
1453,1182,3,DEBIT,MASTERCARD,2025-10-28T00:00:00,True
1454,1183,3,CREDIT,RUPAY,2026-06-22T00:00:00,True
1455,1185,6,CREDIT,VISA,2026-07-06T00:00:00,True
1456,1185,9,DEBIT,AMEX,2026-02-07T00:00:00,True
1457,1187,2,DEBIT,RUPAY,2025-01-08T00:00:00,True
1458,1187,5,DEBIT,RUPAY,2026-06-14T00:00:00,True
1459,1188,4,DEBIT,RUPAY,2024-12-25T00:00:00,True
1460,1190,3,DEBIT,RUPAY,2025-08-18T00:00:00,True
1461,1191,4,DEBIT,VISA,2026-07-17T00:00:00,True
1462,1192,9,DEBIT,VISA,2025-05-10T00:00:00,True
1463,1192,8,DEBIT,MASTERCARD,2026-07-17T00:00:00,True
1464,1193,8,DEBIT,RUPAY,2025-05-11T00:00:00,True
1465,1196,4,DEBIT,RUPAY,2025-05-14T00:00:00,True
1466,1198,2,DEBIT,RUPAY,2024-12-17T00:00:00,True
1467,1199,9,DEBIT,VISA,2025-07-16T00:00:00,True
1468,1202,6,CREDIT,MASTERCARD,2025-01-03T00:00:00,True
1469,1204,8,CREDIT,RUPAY,2025-04-12T00:00:00,False
1470,1206,10,DEBIT,VISA,2025-09-08T00:00:00,True
1471,1208,5,DEBIT,RUPAY,2025-04-20T00:00:00,True
1472,1208,3,DEBIT,RUPAY,2025-06-14T00:00:00,True
1473,1210,8,DEBIT,VISA,2025-11-21T00:00:00,True
1474,1210,1,CREDIT,RUPAY,2024-12-12T00:00:00,True
1475,1211,3,CREDIT,VISA,2025-08-22T00:00:00,True
1476,1212,9,CREDIT,VISA,2025-08-16T00:00:00,True
1477,1212,5,DEBIT,VISA,2026-01-09T00:00:00,True
1478,1212,5,CREDIT,RUPAY,2026-07-06T00:00:00,True
1479,1213,3,DEBIT,RUPAY,2026-07-03T00:00:00,False
1480,1214,3,CREDIT,MASTERCARD,2025-11-16T00:00:00,True
1481,1214,7,DEBIT,VISA,2025-02-18T00:00:00,True
1482,1215,1,DEBIT,VISA,2026-05-16T00:00:00,True
1483,1219,6,CREDIT,RUPAY,2024-09-25T00:00:00,False
1484,1219,3,DEBIT,RUPAY,2024-12-19T00:00:00,True
1485,1219,3,CREDIT,RUPAY,2025-02-25T00:00:00,True
1486,1220,10,DEBIT,VISA,2025-03-20T00:00:00,True
1487,1221,2,DEBIT,VISA,2024-09-14T00:00:00,True
1488,1221,4,CREDIT,VISA,2026-08-06T00:00:00,True
1489,1222,1,DEBIT,VISA,2026-05-18T00:00:00,True
1490,1223,6,DEBIT,MASTERCARD,2026-06-16T00:00:00,True
1491,1225,8,CREDIT,RUPAY,2026-01-26T00:00:00,True
1492,1226,8,DEBIT,RUPAY,2025-03-25T00:00:00,True
1493,1227,7,CREDIT,MASTERCARD,2024-09-14T00:00:00,True
1494,1228,8,CREDIT,VISA,2026-04-23T00:00:00,True
1495,1230,4,CREDIT,VISA,2025-12-26T00:00:00,True
1496,1230,7,CREDIT,RUPAY,2026-02-27T00:00:00,True
1497,1232,3,DEBIT,AMEX,2025-12-27T00:00:00,True
1498,1232,7,DEBIT,RUPAY,2026-02-07T00:00:00,True
1499,1233,6,DEBIT,VISA,2025-01-05T00:00:00,True
1500,1235,3,CREDIT,VISA,2026-08-09T00:00:00,True
1501,1235,2,DEBIT,VISA,2025-01-14T00:00:00,True
1502,1238,3,CREDIT,AMEX,2025-09-28T00:00:00,True
1503,1238,3,DEBIT,RUPAY,2025-07-21T00:00:00,True
1504,1239,4,DEBIT,RUPAY,2025-12-13T00:00:00,True
1505,1239,4,CREDIT,RUPAY,2026-02-05T00:00:00,True
1506,1239,7,DEBIT,MASTERCARD,2024-11-25T00:00:00,True
1507,1240,4,DEBIT,RUPAY,2024-12-12T00:00:00,True
1508,1240,6,CREDIT,RUPAY,2024-10-22T00:00:00,True
1509,1241,1,DEBIT,VISA,2025-09-22T00:00:00,True
1510,1243,2,CREDIT,VISA,2025-12-10T00:00:00,False
1511,1244,3,DEBIT,RUPAY,2025-08-22T00:00:00,True
1512,1246,6,CREDIT,VISA,2026-03-16T00:00:00,True
1513,1247,10,DEBIT,RUPAY,2025-11-14T00:00:00,True
1514,1247,6,DEBIT,VISA,2024-08-10T00:00:00,True
1515,1248,3,DEBIT,VISA,2026-06-08T00:00:00,True
1516,1249,3,CREDIT,RUPAY,2026-03-18T00:00:00,True
1517,1249,7,DEBIT,RUPAY,2025-11-26T00:00:00,True
1518,1250,10,DEBIT,MASTERCARD,2024-10-24T00:00:00,True
1519,1251,2,DEBIT,AMEX,2025-02-15T00:00:00,True
1520,1252,1,DEBIT,VISA,2026-03-23T00:00:00,True
1521,1252,9,DEBIT,RUPAY,2025-10-14T00:00:00,True
1522,1256,5,CREDIT,RUPAY,2026-05-17T00:00:00,True
1523,1256,6,CREDIT,VISA,2026-01-16T00:00:00,True
1524,1256,10,DEBIT,VISA,2024-12-15T00:00:00,True
1525,1257,6,DEBIT,RUPAY,2025-12-20T00:00:00,True
1526,1258,8,DEBIT,VISA,2024-08-17T00:00:00,True
1527,1259,9,DEBIT,VISA,2026-02-18T00:00:00,True
1528,1260,10,DEBIT,MASTERCARD,2025-06-22T00:00:00,True
1529,1261,7,DEBIT,MASTERCARD,2024-09-13T00:00:00,True
1530,1261,6,CREDIT,MASTERCARD,2025-08-06T00:00:00,True
1531,1262,10,DEBIT,AMEX,2026-03-11T00:00:00,True
1532,1263,2,CREDIT,RUPAY,2026-06-06T00:00:00,True
1533,1264,6,CREDIT,RUPAY,2026-04-09T00:00:00,True
1534,1265,2,CREDIT,VISA,2025-10-07T00:00:00,True
1535,1266,2,DEBIT,RUPAY,2026-01-29T00:00:00,True
1536,1267,6,DEBIT,VISA,2025-05-25T00:00:00,True
1537,1268,6,DEBIT,RUPAY,2025-06-05T00:00:00,True
1538,1269,2,DEBIT,VISA,2024-12-12T00:00:00,True
1539,1271,4,DEBIT,RUPAY,2025-05-01T00:00:00,True
1540,1271,8,CREDIT,RUPAY,2025-05-13T00:00:00,True
1541,1272,9,CREDIT,VISA,2026-04-09T00:00:00,True
1542,1273,8,DEBIT,VISA,2026-03-22T00:00:00,True
1543,1273,9,DEBIT,RUPAY,2026-03-29T00:00:00,True
1544,1274,2,DEBIT,AMEX,2026-03-17T00:00:00,True
1545,1275,8,DEBIT,MASTERCARD,2025-06-14T00:00:00,True
1546,1276,7,CREDIT,MASTERCARD,2026-04-01T00:00:00,True
1547,1277,1,CREDIT,VISA,2025-10-27T00:00:00,True
1548,1278,10,CREDIT,VISA,2024-09-07T00:00:00,True
1549,1279,3,DEBIT,VISA,2025-11-25T00:00:00,True
1550,1280,10,CREDIT,VISA,2025-07-21T00:00:00,True
1551,1283,2,DEBIT,RUPAY,2024-10-19T00:00:00,True
1552,1284,5,DEBIT,MASTERCARD,2025-03-24T00:00:00,True
1553,1285,6,CREDIT,VISA,2025-02-13T00:00:00,True
1554,1286,3,CREDIT,VISA,2025-06-23T00:00:00,True
1555,1286,3,CREDIT,VISA,2024-11-28T00:00:00,False
1556,1286,4,DEBIT,RUPAY,2025-10-09T00:00:00,True
1557,1287,7,DEBIT,RUPAY,2024-09-07T00:00:00,False
1558,1287,6,DEBIT,RUPAY,2026-03-15T00:00:00,True
1559,1288,1,CREDIT,RUPAY,2024-11-09T00:00:00,True
1560,1290,8,CREDIT,AMEX,2025-06-15T00:00:00,True
1561,1291,9,DEBIT,RUPAY,2024-09-27T00:00:00,True
1562,1293,7,CREDIT,MASTERCARD,2025-07-20T00:00:00,True
1563,1294,4,CREDIT,RUPAY,2025-01-13T00:00:00,True
1564,1294,4,CREDIT,VISA,2025-07-14T00:00:00,True
1565,1296,4,CREDIT,VISA,2025-10-02T00:00:00,True
1566,1296,2,DEBIT,VISA,2025-10-22T00:00:00,True
1567,1297,8,DEBIT,VISA,2025-12-12T00:00:00,True
1568,1297,6,DEBIT,VISA,2024-10-07T00:00:00,True
1569,1298,2,DEBIT,VISA,2025-04-03T00:00:00,True
1570,1299,8,CREDIT,VISA,2025-05-14T00:00:00,True
1571,1301,5,DEBIT,RUPAY,2026-03-28T00:00:00,True
1572,1302,1,CREDIT,RUPAY,2025-01-24T00:00:00,True
1573,1302,3,CREDIT,RUPAY,2024-10-08T00:00:00,True
1574,1302,7,DEBIT,VISA,2026-02-20T00:00:00,True
1575,1303,8,DEBIT,RUPAY,2025-07-04T00:00:00,True
1576,1304,10,DEBIT,VISA,2025-05-07T00:00:00,True
1577,1304,6,DEBIT,VISA,2025-11-04T00:00:00,True
1578,1305,6,DEBIT,RUPAY,2025-02-10T00:00:00,True
1579,1305,10,CREDIT,AMEX,2026-07-15T00:00:00,True
1580,1306,5,DEBIT,RUPAY,2025-01-07T00:00:00,True
1581,1307,8,DEBIT,RUPAY,2025-02-16T00:00:00,True
1582,1307,2,CREDIT,VISA,2026-02-04T00:00:00,True
1583,1308,6,DEBIT,RUPAY,2026-04-30T00:00:00,False
1584,1311,8,CREDIT,VISA,2026-05-16T00:00:00,True
1585,1311,10,CREDIT,VISA,2026-05-06T00:00:00,True
1586,1312,6,DEBIT,RUPAY,2024-11-30T00:00:00,True
1587,1313,8,DEBIT,RUPAY,2025-04-22T00:00:00,True
1588,1314,6,DEBIT,VISA,2024-12-03T00:00:00,True
1589,1315,5,DEBIT,RUPAY,2025-02-22T00:00:00,True
1590,1316,9,DEBIT,VISA,2025-06-02T00:00:00,True
1591,1317,1,CREDIT,RUPAY,2026-01-03T00:00:00,True
1592,1317,10,DEBIT,VISA,2025-11-28T00:00:00,False
1593,1317,3,CREDIT,MASTERCARD,2026-07-10T00:00:00,True
1594,1318,10,DEBIT,VISA,2026-07-09T00:00:00,True
1595,1319,3,CREDIT,RUPAY,2025-03-12T00:00:00,True
1596,1319,10,DEBIT,MASTERCARD,2025-05-11T00:00:00,True
1597,1321,3,DEBIT,RUPAY,2024-08-27T00:00:00,True
1598,1321,7,CREDIT,VISA,2026-04-21T00:00:00,True
1599,1322,3,CREDIT,VISA,2024-10-22T00:00:00,True
1600,1325,10,CREDIT,RUPAY,2026-07-28T00:00:00,True
1601,1326,3,DEBIT,VISA,2026-05-09T00:00:00,True
1602,1327,1,DEBIT,VISA,2026-06-20T00:00:00,True
1603,1327,9,CREDIT,RUPAY,2025-07-23T00:00:00,True
1604,1327,4,DEBIT,VISA,2026-02-12T00:00:00,True
1605,1328,9,DEBIT,VISA,2025-01-17T00:00:00,True
1606,1329,3,CREDIT,RUPAY,2024-10-27T00:00:00,True
1607,1330,2,DEBIT,RUPAY,2025-10-29T00:00:00,True
1608,1330,9,DEBIT,MASTERCARD,2024-08-18T00:00:00,True
1609,1331,5,DEBIT,VISA,2025-06-22T00:00:00,True
1610,1332,1,CREDIT,MASTERCARD,2026-03-16T00:00:00,True
1611,1332,8,DEBIT,RUPAY,2025-04-17T00:00:00,True
1612,1333,7,DEBIT,VISA,2025-09-22T00:00:00,True
1613,1333,2,DEBIT,RUPAY,2025-03-20T00:00:00,True
1614,1334,7,DEBIT,VISA,2025-02-23T00:00:00,True
1615,1334,5,DEBIT,VISA,2025-01-24T00:00:00,True
1616,1335,2,CREDIT,MASTERCARD,2026-01-15T00:00:00,True
1617,1335,10,DEBIT,RUPAY,2024-12-02T00:00:00,True
1618,1337,7,DEBIT,RUPAY,2026-04-29T00:00:00,True
1619,1337,9,CREDIT,VISA,2026-07-26T00:00:00,True
1620,1338,4,DEBIT,MASTERCARD,2024-08-31T00:00:00,True
1621,1339,1,CREDIT,RUPAY,2025-01-22T00:00:00,True
1622,1339,4,DEBIT,VISA,2024-11-16T00:00:00,False
1623,1340,3,CREDIT,RUPAY,2025-04-07T00:00:00,True
1624,1341,3,DEBIT,RUPAY,2026-05-02T00:00:00,True
1625,1342,1,CREDIT,MASTERCARD,2026-07-25T00:00:00,True
1626,1342,8,DEBIT,RUPAY,2025-03-30T00:00:00,True
1627,1343,9,DEBIT,MASTERCARD,2025-03-06T00:00:00,True
1628,1343,8,DEBIT,RUPAY,2026-01-09T00:00:00,True
1629,1344,9,DEBIT,RUPAY,2025-09-26T00:00:00,True
1630,1344,8,CREDIT,MASTERCARD,2025-06-18T00:00:00,True
1631,1345,4,CREDIT,RUPAY,2025-01-17T00:00:00,True
1632,1345,4,DEBIT,VISA,2026-06-30T00:00:00,True
1633,1345,9,DEBIT,VISA,2025-02-17T00:00:00,True
1634,1346,9,DEBIT,RUPAY,2026-07-28T00:00:00,False
1635,1346,8,DEBIT,VISA,2024-09-23T00:00:00,True
1636,1347,10,CREDIT,RUPAY,2026-02-12T00:00:00,True
1637,1350,3,DEBIT,MASTERCARD,2025-10-03T00:00:00,True
1638,1352,10,DEBIT,RUPAY,2026-05-30T00:00:00,True
1639,1353,8,CREDIT,RUPAY,2025-01-11T00:00:00,True
1640,1354,7,DEBIT,RUPAY,2026-04-28T00:00:00,True
1641,1354,10,DEBIT,VISA,2025-11-11T00:00:00,True
1642,1355,3,CREDIT,VISA,2025-05-16T00:00:00,True
1643,1356,8,DEBIT,RUPAY,2026-03-26T00:00:00,True
1644,1357,8,CREDIT,RUPAY,2025-10-17T00:00:00,True
1645,1359,10,CREDIT,VISA,2024-08-13T00:00:00,True
1646,1360,8,CREDIT,MASTERCARD,2026-05-04T00:00:00,True
1647,1361,9,CREDIT,RUPAY,2026-01-08T00:00:00,True
1648,1362,5,DEBIT,RUPAY,2026-05-17T00:00:00,True
1649,1363,9,CREDIT,MASTERCARD,2026-03-31T00:00:00,True
1650,1364,10,CREDIT,RUPAY,2025-09-17T00:00:00,True
1651,1365,1,CREDIT,VISA,2025-11-22T00:00:00,False
1652,1366,1,CREDIT,RUPAY,2025-05-14T00:00:00,True
1653,1367,4,CREDIT,RUPAY,2026-03-19T00:00:00,True
1654,1370,9,DEBIT,RUPAY,2025-12-08T00:00:00,True
1655,1373,4,CREDIT,RUPAY,2025-11-10T00:00:00,True
1656,1375,6,DEBIT,RUPAY,2025-09-26T00:00:00,True
1657,1377,4,CREDIT,AMEX,2025-08-11T00:00:00,True
1658,1378,10,CREDIT,MASTERCARD,2026-02-15T00:00:00,True
1659,1380,1,DEBIT,MASTERCARD,2024-08-29T00:00:00,True
1660,1381,1,CREDIT,RUPAY,2025-03-06T00:00:00,True
1661,1383,5,CREDIT,AMEX,2024-12-22T00:00:00,True
1662,1385,6,DEBIT,RUPAY,2025-09-24T00:00:00,True
1663,1386,1,CREDIT,RUPAY,2024-12-17T00:00:00,True
1664,1388,8,CREDIT,RUPAY,2025-02-08T00:00:00,True
1665,1390,4,CREDIT,RUPAY,2026-06-16T00:00:00,True
1666,1391,5,DEBIT,MASTERCARD,2026-02-15T00:00:00,True
1667,1392,4,DEBIT,VISA,2024-11-16T00:00:00,True
1668,1394,8,DEBIT,AMEX,2025-05-31T00:00:00,True
1669,1395,10,CREDIT,RUPAY,2025-09-17T00:00:00,True
1670,1396,2,DEBIT,RUPAY,2025-04-09T00:00:00,True
1671,1397,8,DEBIT,MASTERCARD,2025-05-14T00:00:00,True
1672,1397,9,DEBIT,RUPAY,2026-03-02T00:00:00,True
1673,1398,3,CREDIT,RUPAY,2025-01-31T00:00:00,True
1674,1399,6,CREDIT,VISA,2026-01-06T00:00:00,True
1675,1399,6,DEBIT,MASTERCARD,2024-10-05T00:00:00,True
1676,1400,1,CREDIT,RUPAY,2025-05-01T00:00:00,True
1677,1400,5,CREDIT,VISA,2025-08-19T00:00:00,True
1678,1401,8,DEBIT,RUPAY,2025-06-08T00:00:00,True
1679,1402,6,DEBIT,RUPAY,2026-03-17T00:00:00,True
1680,1403,10,CREDIT,VISA,2025-12-23T00:00:00,True
1681,1403,1,CREDIT,VISA,2025-03-20T00:00:00,True
1682,1405,9,DEBIT,AMEX,2025-10-21T00:00:00,True
1683,1406,3,DEBIT,RUPAY,2025-08-06T00:00:00,True
1684,1407,1,CREDIT,RUPAY,2025-02-14T00:00:00,True
1685,1408,8,DEBIT,MASTERCARD,2026-06-17T00:00:00,True
1686,1409,9,CREDIT,RUPAY,2024-11-27T00:00:00,True
1687,1410,5,DEBIT,MASTERCARD,2025-12-13T00:00:00,True
1688,1411,7,DEBIT,VISA,2025-06-23T00:00:00,True
1689,1413,5,DEBIT,RUPAY,2025-10-24T00:00:00,True
1690,1413,6,CREDIT,RUPAY,2026-04-01T00:00:00,True
1691,1414,9,DEBIT,VISA,2025-03-31T00:00:00,True
1692,1415,6,CREDIT,RUPAY,2026-02-14T00:00:00,True
1693,1416,5,CREDIT,VISA,2025-05-20T00:00:00,True
1694,1417,10,DEBIT,RUPAY,2026-06-27T00:00:00,True
1695,1418,3,DEBIT,RUPAY,2025-12-25T00:00:00,True
1696,1419,9,CREDIT,RUPAY,2024-12-01T00:00:00,True
1697,1420,8,DEBIT,MASTERCARD,2026-02-12T00:00:00,True
1698,1425,10,DEBIT,MASTERCARD,2024-11-01T00:00:00,True
1699,1427,5,DEBIT,RUPAY,2025-05-09T00:00:00,True
1700,1428,3,DEBIT,MASTERCARD,2026-01-27T00:00:00,True
1701,1429,1,CREDIT,RUPAY,2025-10-28T00:00:00,True
1702,1430,4,DEBIT,AMEX,2026-02-12T00:00:00,True
1703,1432,1,DEBIT,RUPAY,2026-03-19T00:00:00,True
1704,1433,8,DEBIT,MASTERCARD,2025-01-08T00:00:00,True
1705,1434,4,CREDIT,RUPAY,2024-11-09T00:00:00,True
1706,1435,9,DEBIT,RUPAY,2025-11-28T00:00:00,True
1707,1435,1,DEBIT,RUPAY,2025-02-25T00:00:00,True
1708,1436,2,CREDIT,VISA,2026-03-31T00:00:00,True
1709,1436,4,DEBIT,RUPAY,2026-03-20T00:00:00,True
1710,1437,6,CREDIT,VISA,2025-10-20T00:00:00,False
1711,1437,1,DEBIT,VISA,2026-02-08T00:00:00,True
1712,1439,6,CREDIT,VISA,2025-03-15T00:00:00,True
1713,1440,6,DEBIT,RUPAY,2026-02-04T00:00:00,True
1714,1441,8,CREDIT,RUPAY,2026-01-13T00:00:00,True
1715,1442,6,CREDIT,RUPAY,2026-08-01T00:00:00,False
1716,1443,7,CREDIT,RUPAY,2025-06-04T00:00:00,True
1717,1444,7,DEBIT,VISA,2025-12-22T00:00:00,True
1718,1444,6,CREDIT,RUPAY,2024-11-21T00:00:00,True
1719,1445,10,CREDIT,VISA,2026-01-12T00:00:00,True
1720,1445,8,DEBIT,MASTERCARD,2025-01-19T00:00:00,True
1721,1445,7,DEBIT,RUPAY,2025-10-03T00:00:00,False
1722,1447,7,DEBIT,VISA,2026-08-01T00:00:00,True
1723,1448,10,DEBIT,MASTERCARD,2025-07-07T00:00:00,True
1724,1448,4,CREDIT,RUPAY,2026-05-22T00:00:00,True
1725,1449,6,DEBIT,VISA,2026-06-26T00:00:00,True
1726,1450,4,CREDIT,VISA,2025-10-13T00:00:00,True
1727,1451,2,CREDIT,VISA,2025-05-14T00:00:00,True
1728,1451,9,DEBIT,VISA,2025-06-30T00:00:00,True
1729,1453,1,DEBIT,MASTERCARD,2026-07-22T00:00:00,True
1730,1456,1,DEBIT,VISA,2026-02-10T00:00:00,True
1731,1456,5,DEBIT,RUPAY,2025-05-13T00:00:00,True
1732,1457,4,DEBIT,RUPAY,2026-02-11T00:00:00,True
1733,1458,2,DEBIT,RUPAY,2024-08-31T00:00:00,True
1734,1458,7,DEBIT,AMEX,2024-12-10T00:00:00,True
1735,1459,5,DEBIT,RUPAY,2024-09-14T00:00:00,True
1736,1459,4,DEBIT,RUPAY,2024-10-15T00:00:00,True
1737,1460,6,DEBIT,VISA,2025-04-06T00:00:00,True
1738,1461,1,DEBIT,VISA,2024-08-18T00:00:00,True
1739,1462,6,CREDIT,RUPAY,2025-10-13T00:00:00,True
1740,1463,3,CREDIT,RUPAY,2024-09-19T00:00:00,True
1741,1464,4,DEBIT,RUPAY,2026-06-09T00:00:00,True
1742,1464,8,CREDIT,VISA,2025-05-23T00:00:00,True
1743,1465,10,DEBIT,VISA,2026-03-11T00:00:00,True
1744,1465,5,CREDIT,RUPAY,2026-02-25T00:00:00,True
1745,1466,10,CREDIT,AMEX,2025-01-04T00:00:00,True
1746,1467,1,DEBIT,RUPAY,2025-12-09T00:00:00,True
1747,1467,7,DEBIT,RUPAY,2026-03-21T00:00:00,True
1748,1467,3,CREDIT,VISA,2025-12-30T00:00:00,True
1749,1468,1,CREDIT,RUPAY,2026-06-02T00:00:00,True
1750,1469,9,DEBIT,VISA,2025-02-23T00:00:00,True
1751,1470,7,CREDIT,MASTERCARD,2025-01-09T00:00:00,True
1752,1471,1,DEBIT,VISA,2024-09-14T00:00:00,False
1753,1471,6,DEBIT,VISA,2025-10-08T00:00:00,True
1754,1472,7,DEBIT,RUPAY,2024-08-20T00:00:00,True
1755,1473,1,CREDIT,VISA,2025-07-17T00:00:00,True
1756,1474,8,CREDIT,MASTERCARD,2025-02-20T00:00:00,True
1757,1475,3,CREDIT,VISA,2025-09-03T00:00:00,True
1758,1476,2,DEBIT,MASTERCARD,2025-02-16T00:00:00,True
1759,1478,5,DEBIT,RUPAY,2025-12-30T00:00:00,True
1760,1478,3,DEBIT,AMEX,2024-10-19T00:00:00,True
1761,1479,4,DEBIT,AMEX,2025-01-05T00:00:00,True
1762,1480,3,CREDIT,VISA,2026-06-04T00:00:00,True
1763,1481,10,CREDIT,VISA,2026-06-21T00:00:00,True
1764,1482,8,DEBIT,MASTERCARD,2025-02-10T00:00:00,True
1765,1483,7,DEBIT,MASTERCARD,2024-11-14T00:00:00,True
1766,1483,3,DEBIT,VISA,2025-11-29T00:00:00,True
1767,1484,3,CREDIT,VISA,2026-07-19T00:00:00,True
1768,1485,1,CREDIT,VISA,2026-06-24T00:00:00,True
1769,1487,2,CREDIT,MASTERCARD,2025-09-28T00:00:00,True
1770,1487,5,DEBIT,RUPAY,2025-10-07T00:00:00,True
1771,1487,9,DEBIT,RUPAY,2026-01-18T00:00:00,True
1772,1488,1,DEBIT,RUPAY,2025-05-12T00:00:00,True
1773,1489,4,DEBIT,RUPAY,2024-11-08T00:00:00,True
1774,1490,5,DEBIT,RUPAY,2024-11-05T00:00:00,True
1775,1491,9,DEBIT,RUPAY,2025-03-04T00:00:00,True
1776,1493,6,DEBIT,VISA,2025-05-12T00:00:00,True
1777,1493,5,DEBIT,AMEX,2026-01-08T00:00:00,True
1778,1494,7,CREDIT,MASTERCARD,2025-01-08T00:00:00,True
1779,1494,1,CREDIT,AMEX,2025-03-02T00:00:00,True
1780,1494,8,DEBIT,RUPAY,2024-08-24T00:00:00,True
1781,1495,4,CREDIT,VISA,2026-02-22T00:00:00,True
1782,1495,4,DEBIT,RUPAY,2025-09-26T00:00:00,True
1783,1496,1,DEBIT,RUPAY,2026-03-14T00:00:00,True
1784,1496,2,CREDIT,MASTERCARD,2024-08-12T00:00:00,False
1785,1499,3,DEBIT,VISA,2025-12-29T00:00:00,True
1786,1499,8,DEBIT,RUPAY,2026-02-05T00:00:00,True
1787,1500,10,CREDIT,VISA,2025-07-20T00:00:00,True
1788,1505,5,CREDIT,VISA,2024-09-02T00:00:00,True
1789,1508,4,DEBIT,RUPAY,2025-04-17T00:00:00,True
1790,1508,2,DEBIT,RUPAY,2024-11-05T00:00:00,True
1791,1509,6,DEBIT,VISA,2025-01-01T00:00:00,True
1792,1511,4,DEBIT,RUPAY,2026-06-21T00:00:00,False
1793,1511,6,CREDIT,RUPAY,2025-05-21T00:00:00,True
1794,1511,1,DEBIT,MASTERCARD,2026-03-21T00:00:00,True
1795,1512,5,DEBIT,MASTERCARD,2025-01-08T00:00:00,True
1796,1513,5,DEBIT,RUPAY,2024-12-30T00:00:00,True
1797,1514,9,CREDIT,VISA,2025-03-25T00:00:00,True
1798,1515,1,CREDIT,RUPAY,2025-01-01T00:00:00,False
1799,1515,6,DEBIT,VISA,2025-05-05T00:00:00,True
1800,1517,6,DEBIT,VISA,2025-06-25T00:00:00,True
1801,1517,4,CREDIT,MASTERCARD,2024-08-18T00:00:00,True
1802,1518,9,DEBIT,RUPAY,2025-07-15T00:00:00,True
1803,1519,2,DEBIT,RUPAY,2025-07-11T00:00:00,True
1804,1520,7,CREDIT,VISA,2025-11-28T00:00:00,True
1805,1520,4,CREDIT,MASTERCARD,2024-09-03T00:00:00,True
1806,1521,3,DEBIT,VISA,2025-02-05T00:00:00,True
1807,1523,7,CREDIT,VISA,2024-09-09T00:00:00,True
1808,1523,5,DEBIT,RUPAY,2024-08-21T00:00:00,True
1809,1523,7,DEBIT,VISA,2025-05-01T00:00:00,True
1810,1524,5,DEBIT,RUPAY,2025-11-03T00:00:00,True
1811,1524,4,DEBIT,VISA,2024-09-04T00:00:00,True
1812,1524,2,CREDIT,VISA,2026-01-03T00:00:00,True
1813,1525,5,DEBIT,VISA,2025-04-07T00:00:00,True
1814,1525,7,CREDIT,AMEX,2026-02-08T00:00:00,True
1815,1525,6,DEBIT,RUPAY,2024-12-17T00:00:00,True
1816,1526,8,DEBIT,RUPAY,2025-10-12T00:00:00,True
1817,1527,7,DEBIT,RUPAY,2025-05-19T00:00:00,True
1818,1529,7,DEBIT,MASTERCARD,2025-05-13T00:00:00,True
1819,1530,2,DEBIT,RUPAY,2026-05-26T00:00:00,True
1820,1531,2,DEBIT,VISA,2026-03-12T00:00:00,True
1821,1532,4,CREDIT,VISA,2025-03-12T00:00:00,True
1822,1533,7,DEBIT,RUPAY,2025-01-11T00:00:00,True
1823,1534,5,DEBIT,RUPAY,2025-01-24T00:00:00,True
1824,1535,7,DEBIT,VISA,2025-05-26T00:00:00,True
1825,1536,10,DEBIT,VISA,2026-02-24T00:00:00,True
1826,1537,7,CREDIT,VISA,2026-07-04T00:00:00,True
1827,1538,9,DEBIT,RUPAY,2026-02-01T00:00:00,True
1828,1538,10,DEBIT,RUPAY,2025-09-28T00:00:00,True
1829,1540,2,DEBIT,VISA,2025-01-21T00:00:00,True
1830,1540,6,CREDIT,RUPAY,2025-05-22T00:00:00,True
1831,1541,1,CREDIT,MASTERCARD,2025-06-24T00:00:00,True
1832,1543,4,DEBIT,VISA,2026-05-29T00:00:00,True
1833,1543,7,CREDIT,VISA,2025-01-24T00:00:00,True
1834,1544,8,DEBIT,RUPAY,2026-04-20T00:00:00,True
1835,1545,5,CREDIT,VISA,2025-06-10T00:00:00,True
1836,1546,2,DEBIT,MASTERCARD,2024-11-19T00:00:00,True
1837,1547,7,CREDIT,RUPAY,2026-05-17T00:00:00,True
1838,1547,3,DEBIT,RUPAY,2026-07-11T00:00:00,True
1839,1550,10,DEBIT,RUPAY,2026-05-23T00:00:00,True
1840,1551,1,DEBIT,VISA,2025-11-01T00:00:00,True
1841,1551,6,DEBIT,RUPAY,2024-09-02T00:00:00,True
1842,1552,8,DEBIT,VISA,2024-12-28T00:00:00,True
1843,1553,4,DEBIT,RUPAY,2024-11-26T00:00:00,True
1844,1554,10,DEBIT,RUPAY,2024-12-20T00:00:00,True
1845,1555,10,DEBIT,MASTERCARD,2025-12-15T00:00:00,True
1846,1555,2,DEBIT,MASTERCARD,2025-03-30T00:00:00,False
1847,1557,1,CREDIT,VISA,2024-08-25T00:00:00,True
1848,1558,6,DEBIT,AMEX,2024-09-11T00:00:00,False
1849,1559,5,CREDIT,RUPAY,2025-03-16T00:00:00,True
1850,1559,3,CREDIT,RUPAY,2025-09-14T00:00:00,True
1851,1560,7,DEBIT,RUPAY,2025-05-02T00:00:00,True
1852,1561,8,DEBIT,MASTERCARD,2025-10-31T00:00:00,True
1853,1562,6,DEBIT,RUPAY,2025-01-02T00:00:00,True
1854,1563,7,DEBIT,RUPAY,2025-09-11T00:00:00,True
1855,1564,4,CREDIT,AMEX,2026-06-05T00:00:00,True
1856,1565,5,DEBIT,RUPAY,2026-07-22T00:00:00,True
1857,1565,9,DEBIT,RUPAY,2025-06-01T00:00:00,True
1858,1566,1,CREDIT,RUPAY,2025-10-19T00:00:00,True
1859,1569,3,CREDIT,RUPAY,2025-08-31T00:00:00,True
1860,1570,9,DEBIT,RUPAY,2025-09-27T00:00:00,True
1861,1570,4,CREDIT,RUPAY,2026-05-01T00:00:00,True
1862,1571,2,CREDIT,VISA,2024-12-09T00:00:00,True
1863,1572,5,DEBIT,VISA,2026-01-09T00:00:00,True
1864,1573,2,CREDIT,VISA,2025-07-21T00:00:00,True
1865,1574,3,DEBIT,VISA,2025-11-12T00:00:00,True
1866,1574,6,DEBIT,VISA,2026-04-08T00:00:00,True
1867,1575,6,CREDIT,VISA,2026-05-26T00:00:00,False
1868,1576,3,CREDIT,MASTERCARD,2025-01-14T00:00:00,True
1869,1577,6,DEBIT,MASTERCARD,2025-11-26T00:00:00,True
1870,1577,1,CREDIT,MASTERCARD,2024-09-06T00:00:00,True
1871,1578,2,CREDIT,RUPAY,2026-06-08T00:00:00,True
1872,1580,1,CREDIT,MASTERCARD,2025-06-20T00:00:00,True
1873,1581,8,CREDIT,VISA,2025-06-14T00:00:00,True
1874,1581,6,DEBIT,RUPAY,2025-09-06T00:00:00,False
1875,1582,7,DEBIT,MASTERCARD,2025-01-08T00:00:00,True
1876,1583,5,DEBIT,MASTERCARD,2025-10-22T00:00:00,True
1877,1584,7,DEBIT,VISA,2024-10-18T00:00:00,True
1878,1584,4,DEBIT,VISA,2026-02-22T00:00:00,True
1879,1585,3,CREDIT,VISA,2026-02-02T00:00:00,True
1880,1586,1,DEBIT,RUPAY,2024-09-09T00:00:00,True
1881,1587,7,DEBIT,VISA,2024-10-07T00:00:00,True
1882,1587,6,DEBIT,VISA,2025-07-31T00:00:00,True
1883,1587,9,DEBIT,RUPAY,2025-01-05T00:00:00,True
1884,1588,6,DEBIT,MASTERCARD,2025-04-30T00:00:00,True
1885,1588,6,CREDIT,RUPAY,2025-07-05T00:00:00,True
1886,1589,10,DEBIT,MASTERCARD,2025-07-23T00:00:00,True
1887,1590,10,DEBIT,VISA,2026-01-31T00:00:00,True
1888,1590,3,DEBIT,RUPAY,2024-12-21T00:00:00,True
1889,1591,3,CREDIT,RUPAY,2025-12-16T00:00:00,True
1890,1592,6,DEBIT,MASTERCARD,2026-04-23T00:00:00,True
1891,1592,8,CREDIT,VISA,2025-06-07T00:00:00,True
1892,1594,9,DEBIT,RUPAY,2024-09-12T00:00:00,True
1893,1598,3,CREDIT,RUPAY,2025-10-07T00:00:00,True
1894,1600,5,CREDIT,MASTERCARD,2025-12-30T00:00:00,True
1895,1601,2,DEBIT,RUPAY,2024-08-29T00:00:00,True
1896,1603,8,DEBIT,VISA,2025-07-26T00:00:00,True
1897,1603,1,CREDIT,VISA,2025-02-15T00:00:00,True
1898,1603,8,CREDIT,RUPAY,2025-08-30T00:00:00,True
1899,1606,8,DEBIT,VISA,2026-03-01T00:00:00,False
1900,1607,7,DEBIT,VISA,2024-10-11T00:00:00,True
1901,1608,9,CREDIT,RUPAY,2025-03-22T00:00:00,True
1902,1608,4,CREDIT,RUPAY,2025-12-28T00:00:00,True
1903,1610,7,CREDIT,RUPAY,2025-06-11T00:00:00,True
1904,1611,3,DEBIT,RUPAY,2025-11-16T00:00:00,True
1905,1612,3,DEBIT,VISA,2025-03-08T00:00:00,True
1906,1613,10,CREDIT,MASTERCARD,2024-08-10T00:00:00,True
1907,1613,9,DEBIT,RUPAY,2025-10-12T00:00:00,True
1908,1615,1,CREDIT,RUPAY,2026-06-22T00:00:00,True
1909,1615,2,DEBIT,RUPAY,2025-02-01T00:00:00,True
1910,1616,6,DEBIT,RUPAY,2025-04-10T00:00:00,True
1911,1616,5,CREDIT,RUPAY,2024-09-14T00:00:00,True
1912,1617,4,CREDIT,VISA,2025-01-28T00:00:00,True
1913,1618,6,DEBIT,RUPAY,2025-07-28T00:00:00,True
1914,1619,4,DEBIT,VISA,2026-07-10T00:00:00,True
1915,1619,4,DEBIT,RUPAY,2026-02-28T00:00:00,True
1916,1620,10,CREDIT,RUPAY,2025-02-23T00:00:00,True
1917,1620,5,DEBIT,MASTERCARD,2025-01-24T00:00:00,True
1918,1621,1,CREDIT,RUPAY,2026-02-12T00:00:00,True
1919,1621,4,CREDIT,RUPAY,2025-05-12T00:00:00,True
1920,1622,1,DEBIT,VISA,2026-04-14T00:00:00,True
1921,1622,10,DEBIT,VISA,2024-10-06T00:00:00,True
1922,1623,4,CREDIT,MASTERCARD,2026-04-04T00:00:00,True
1923,1624,7,CREDIT,RUPAY,2025-05-11T00:00:00,True
1924,1624,10,CREDIT,MASTERCARD,2026-05-09T00:00:00,True
1925,1624,2,DEBIT,VISA,2025-11-10T00:00:00,True
1926,1625,4,DEBIT,VISA,2025-10-17T00:00:00,True
1927,1626,9,DEBIT,MASTERCARD,2025-09-06T00:00:00,True
1928,1628,7,CREDIT,RUPAY,2025-04-01T00:00:00,False
1929,1628,10,DEBIT,RUPAY,2026-02-06T00:00:00,True
1930,1629,1,CREDIT,RUPAY,2024-10-13T00:00:00,True
1931,1630,1,CREDIT,VISA,2024-12-30T00:00:00,True
1932,1631,1,DEBIT,MASTERCARD,2026-04-07T00:00:00,True
1933,1632,3,CREDIT,RUPAY,2024-12-22T00:00:00,True
1934,1633,5,DEBIT,RUPAY,2026-07-28T00:00:00,True
1935,1634,1,CREDIT,RUPAY,2025-12-27T00:00:00,False
1936,1635,10,CREDIT,VISA,2025-04-07T00:00:00,True
1937,1636,7,CREDIT,MASTERCARD,2026-05-04T00:00:00,True
1938,1636,3,CREDIT,RUPAY,2026-06-22T00:00:00,True
1939,1636,7,CREDIT,RUPAY,2025-07-17T00:00:00,True
1940,1637,9,DEBIT,RUPAY,2026-02-15T00:00:00,True
1941,1638,8,CREDIT,RUPAY,2024-08-28T00:00:00,True
1942,1638,5,CREDIT,VISA,2026-03-31T00:00:00,True
1943,1639,6,DEBIT,VISA,2026-04-01T00:00:00,True
1944,1639,9,CREDIT,VISA,2025-08-03T00:00:00,False
1945,1639,2,DEBIT,MASTERCARD,2026-06-20T00:00:00,True
1946,1640,5,DEBIT,RUPAY,2025-02-19T00:00:00,True
1947,1640,5,DEBIT,RUPAY,2024-11-10T00:00:00,True
1948,1641,5,CREDIT,RUPAY,2025-02-05T00:00:00,True
1949,1642,7,CREDIT,RUPAY,2025-11-07T00:00:00,False
1950,1642,7,CREDIT,VISA,2025-07-26T00:00:00,True
1951,1643,7,CREDIT,VISA,2025-05-28T00:00:00,True
1952,1644,2,CREDIT,RUPAY,2026-03-21T00:00:00,True
1953,1645,10,CREDIT,VISA,2025-11-27T00:00:00,True
1954,1647,1,DEBIT,VISA,2026-02-02T00:00:00,True
1955,1647,8,DEBIT,VISA,2025-05-24T00:00:00,True
1956,1649,1,DEBIT,MASTERCARD,2024-12-20T00:00:00,True
1957,1649,4,DEBIT,RUPAY,2025-08-07T00:00:00,False
1958,1650,3,CREDIT,MASTERCARD,2025-11-08T00:00:00,True
1959,1651,2,CREDIT,RUPAY,2025-02-28T00:00:00,True
1960,1651,2,CREDIT,RUPAY,2026-05-04T00:00:00,True
1961,1652,5,CREDIT,VISA,2024-11-19T00:00:00,True
1962,1652,5,DEBIT,VISA,2025-02-27T00:00:00,True
1963,1652,8,DEBIT,RUPAY,2026-01-27T00:00:00,True
1964,1655,4,DEBIT,RUPAY,2025-02-10T00:00:00,True
1965,1656,7,DEBIT,MASTERCARD,2025-07-24T00:00:00,True
1966,1657,2,DEBIT,MASTERCARD,2026-05-02T00:00:00,True
1967,1658,1,DEBIT,VISA,2025-03-22T00:00:00,True
1968,1658,5,DEBIT,VISA,2025-12-31T00:00:00,True
1969,1659,6,DEBIT,RUPAY,2025-09-12T00:00:00,True
1970,1660,1,CREDIT,RUPAY,2026-02-09T00:00:00,True
1971,1660,4,CREDIT,RUPAY,2025-10-12T00:00:00,True
1972,1661,3,CREDIT,MASTERCARD,2026-08-03T00:00:00,True
1973,1661,1,DEBIT,VISA,2025-07-23T00:00:00,True
1974,1663,5,CREDIT,MASTERCARD,2025-05-22T00:00:00,True
1975,1664,1,DEBIT,VISA,2026-02-07T00:00:00,True
1976,1664,7,CREDIT,MASTERCARD,2026-06-04T00:00:00,True
1977,1665,8,DEBIT,RUPAY,2025-05-05T00:00:00,True
1978,1666,7,CREDIT,RUPAY,2026-06-08T00:00:00,True
1979,1667,7,DEBIT,VISA,2025-09-11T00:00:00,True
1980,1668,2,CREDIT,VISA,2026-07-21T00:00:00,True
1981,1668,6,DEBIT,RUPAY,2026-03-17T00:00:00,False
1982,1668,1,CREDIT,MASTERCARD,2026-07-23T00:00:00,True
1983,1670,6,CREDIT,MASTERCARD,2026-03-08T00:00:00,True
1984,1671,7,DEBIT,MASTERCARD,2025-07-21T00:00:00,True
1985,1672,5,DEBIT,RUPAY,2025-04-18T00:00:00,True
1986,1673,4,CREDIT,MASTERCARD,2026-07-28T00:00:00,True
1987,1673,2,DEBIT,VISA,2025-02-13T00:00:00,True
1988,1675,5,DEBIT,RUPAY,2026-01-16T00:00:00,True
1989,1676,4,DEBIT,VISA,2026-04-14T00:00:00,True
1990,1677,4,DEBIT,VISA,2026-07-07T00:00:00,True
1991,1678,9,DEBIT,AMEX,2024-09-03T00:00:00,True
1992,1678,6,DEBIT,RUPAY,2024-09-01T00:00:00,True
1993,1679,3,DEBIT,RUPAY,2024-10-09T00:00:00,True
1994,1681,2,DEBIT,MASTERCARD,2025-11-06T00:00:00,False
1995,1681,7,CREDIT,RUPAY,2024-10-20T00:00:00,True
1996,1682,1,DEBIT,RUPAY,2026-03-27T00:00:00,True
1997,1682,9,DEBIT,VISA,2026-03-13T00:00:00,True
1998,1682,3,DEBIT,RUPAY,2025-10-12T00:00:00,True
1999,1684,4,DEBIT,MASTERCARD,2024-08-16T00:00:00,True
2000,1684,5,DEBIT,VISA,2026-04-03T00:00:00,True
2001,1685,10,DEBIT,AMEX,2025-04-07T00:00:00,True
2002,1685,2,DEBIT,VISA,2025-07-10T00:00:00,True
2003,1687,5,CREDIT,RUPAY,2025-10-12T00:00:00,True
2004,1689,6,DEBIT,MASTERCARD,2024-08-12T00:00:00,True
2005,1691,5,CREDIT,RUPAY,2025-05-21T00:00:00,True
2006,1691,4,DEBIT,RUPAY,2026-07-21T00:00:00,True
2007,1691,2,DEBIT,RUPAY,2025-10-08T00:00:00,True
2008,1693,5,DEBIT,RUPAY,2025-07-27T00:00:00,True
2009,1693,9,DEBIT,RUPAY,2024-10-02T00:00:00,True
2010,1694,10,DEBIT,RUPAY,2026-06-10T00:00:00,True
2011,1695,8,DEBIT,VISA,2024-10-04T00:00:00,True
2012,1697,8,DEBIT,VISA,2026-01-17T00:00:00,True
2013,1698,2,DEBIT,MASTERCARD,2026-02-02T00:00:00,True
2014,1698,7,DEBIT,RUPAY,2025-06-09T00:00:00,True
2015,1700,1,DEBIT,RUPAY,2026-06-16T00:00:00,True
2016,1700,6,DEBIT,VISA,2026-06-03T00:00:00,True
2017,1700,5,CREDIT,MASTERCARD,2024-08-12T00:00:00,True
2018,1701,10,DEBIT,MASTERCARD,2024-11-30T00:00:00,True
2019,1702,1,DEBIT,RUPAY,2024-08-27T00:00:00,True
2020,1703,3,DEBIT,MASTERCARD,2026-06-29T00:00:00,True
2021,1704,6,DEBIT,MASTERCARD,2026-06-07T00:00:00,True
2022,1705,8,DEBIT,VISA,2024-08-21T00:00:00,True
2023,1705,5,DEBIT,RUPAY,2025-01-03T00:00:00,True
2024,1705,6,CREDIT,RUPAY,2026-04-01T00:00:00,True
2025,1708,3,DEBIT,VISA,2025-11-15T00:00:00,True
2026,1710,7,DEBIT,MASTERCARD,2024-12-23T00:00:00,True
2027,1711,3,DEBIT,RUPAY,2025-06-21T00:00:00,False
2028,1712,7,CREDIT,RUPAY,2026-07-27T00:00:00,True
2029,1712,8,DEBIT,RUPAY,2025-05-22T00:00:00,True
2030,1716,9,DEBIT,VISA,2026-03-16T00:00:00,True
2031,1716,8,CREDIT,MASTERCARD,2026-08-09T00:00:00,True
2032,1717,3,CREDIT,VISA,2025-09-26T00:00:00,True
2033,1718,9,DEBIT,RUPAY,2024-12-20T00:00:00,True
2034,1718,5,DEBIT,MASTERCARD,2026-06-23T00:00:00,True
2035,1719,5,CREDIT,RUPAY,2025-02-14T00:00:00,True
2036,1720,1,CREDIT,MASTERCARD,2025-11-17T00:00:00,True
2037,1720,10,DEBIT,VISA,2025-07-29T00:00:00,True
2038,1724,10,DEBIT,RUPAY,2025-04-20T00:00:00,True
2039,1725,7,DEBIT,MASTERCARD,2025-12-30T00:00:00,True
2040,1725,3,CREDIT,RUPAY,2024-08-22T00:00:00,True
2041,1726,1,DEBIT,RUPAY,2025-04-24T00:00:00,True
2042,1728,9,DEBIT,AMEX,2026-04-15T00:00:00,True
2043,1730,2,CREDIT,VISA,2026-06-15T00:00:00,True
2044,1732,2,DEBIT,VISA,2026-06-08T00:00:00,True
2045,1732,1,DEBIT,RUPAY,2026-03-10T00:00:00,True
2046,1733,9,DEBIT,MASTERCARD,2025-01-12T00:00:00,True
2047,1735,10,DEBIT,RUPAY,2026-06-28T00:00:00,True
2048,1736,3,CREDIT,VISA,2026-05-07T00:00:00,True
2049,1736,3,CREDIT,VISA,2025-07-20T00:00:00,True
2050,1737,7,DEBIT,RUPAY,2024-11-22T00:00:00,True
2051,1737,5,DEBIT,RUPAY,2024-12-16T00:00:00,True
2052,1737,10,DEBIT,RUPAY,2026-02-19T00:00:00,True
2053,1739,6,DEBIT,VISA,2024-08-14T00:00:00,True
2054,1739,6,CREDIT,RUPAY,2025-11-12T00:00:00,True
2055,1739,7,CREDIT,RUPAY,2026-03-18T00:00:00,True
2056,1740,5,DEBIT,VISA,2025-04-20T00:00:00,True
2057,1740,5,DEBIT,VISA,2025-01-24T00:00:00,True
2058,1742,10,CREDIT,MASTERCARD,2024-08-23T00:00:00,True
2059,1743,3,CREDIT,AMEX,2025-08-03T00:00:00,True
2060,1744,3,DEBIT,VISA,2025-07-17T00:00:00,True
2061,1744,10,DEBIT,VISA,2025-03-01T00:00:00,True
2062,1745,4,CREDIT,VISA,2025-06-06T00:00:00,True
2063,1746,5,DEBIT,VISA,2025-05-14T00:00:00,True
2064,1746,1,DEBIT,AMEX,2025-10-09T00:00:00,True
2065,1747,2,DEBIT,RUPAY,2026-07-19T00:00:00,True
2066,1748,10,CREDIT,MASTERCARD,2024-09-13T00:00:00,True
2067,1749,6,CREDIT,RUPAY,2026-06-14T00:00:00,True
2068,1749,9,DEBIT,VISA,2025-08-05T00:00:00,True
2069,1751,9,DEBIT,RUPAY,2025-07-28T00:00:00,True
2070,1751,2,DEBIT,RUPAY,2025-07-04T00:00:00,True
2071,1752,10,CREDIT,MASTERCARD,2026-04-18T00:00:00,True
2072,1754,8,CREDIT,VISA,2026-04-03T00:00:00,True
2073,1756,5,CREDIT,VISA,2024-08-28T00:00:00,True
2074,1757,9,CREDIT,VISA,2026-02-13T00:00:00,False
2075,1757,4,DEBIT,MASTERCARD,2025-01-21T00:00:00,True
2076,1757,1,CREDIT,MASTERCARD,2026-02-18T00:00:00,True
2077,1758,1,DEBIT,RUPAY,2024-08-22T00:00:00,True
2078,1759,6,CREDIT,RUPAY,2025-05-26T00:00:00,True
2079,1759,10,CREDIT,VISA,2025-04-09T00:00:00,True
2080,1760,4,DEBIT,MASTERCARD,2025-05-06T00:00:00,True
2081,1761,1,DEBIT,RUPAY,2025-12-22T00:00:00,False
2082,1762,8,DEBIT,VISA,2025-01-29T00:00:00,False
2083,1762,2,DEBIT,RUPAY,2026-02-14T00:00:00,True
2084,1764,4,CREDIT,VISA,2025-01-05T00:00:00,True
2085,1764,7,CREDIT,VISA,2025-05-19T00:00:00,True
2086,1764,9,CREDIT,VISA,2025-09-22T00:00:00,True
2087,1765,7,CREDIT,AMEX,2026-07-11T00:00:00,True
2088,1766,4,DEBIT,MASTERCARD,2024-08-17T00:00:00,True
2089,1768,8,DEBIT,AMEX,2024-10-07T00:00:00,True
2090,1769,3,DEBIT,RUPAY,2024-10-30T00:00:00,True
2091,1769,2,CREDIT,RUPAY,2026-05-04T00:00:00,True
2092,1770,7,DEBIT,MASTERCARD,2025-09-10T00:00:00,True
2093,1771,4,CREDIT,RUPAY,2025-08-29T00:00:00,True
2094,1772,3,DEBIT,VISA,2026-02-08T00:00:00,True
2095,1772,3,CREDIT,RUPAY,2025-11-12T00:00:00,False
2096,1772,7,DEBIT,VISA,2024-10-02T00:00:00,True
2097,1773,7,DEBIT,MASTERCARD,2024-12-20T00:00:00,True
2098,1775,5,DEBIT,RUPAY,2026-04-03T00:00:00,True
2099,1775,4,DEBIT,RUPAY,2025-01-25T00:00:00,True
2100,1776,3,CREDIT,VISA,2025-05-05T00:00:00,True
2101,1776,4,DEBIT,MASTERCARD,2025-08-24T00:00:00,True
2102,1777,2,DEBIT,RUPAY,2025-09-15T00:00:00,False
2103,1778,1,CREDIT,AMEX,2025-08-02T00:00:00,True
2104,1781,5,DEBIT,RUPAY,2024-12-28T00:00:00,False
2105,1782,10,CREDIT,VISA,2025-07-13T00:00:00,True
2106,1783,9,CREDIT,RUPAY,2025-09-12T00:00:00,True
2107,1784,5,DEBIT,MASTERCARD,2025-09-29T00:00:00,True
2108,1785,6,CREDIT,MASTERCARD,2025-12-29T00:00:00,True
2109,1785,7,CREDIT,VISA,2025-10-02T00:00:00,True
2110,1786,9,DEBIT,MASTERCARD,2025-06-09T00:00:00,True
2111,1787,7,CREDIT,VISA,2024-10-13T00:00:00,True
2112,1787,6,CREDIT,MASTERCARD,2025-03-01T00:00:00,True
2113,1788,2,DEBIT,RUPAY,2025-06-29T00:00:00,True
2114,1789,1,CREDIT,VISA,2025-06-15T00:00:00,True
2115,1790,8,DEBIT,VISA,2025-08-29T00:00:00,True
2116,1791,2,DEBIT,VISA,2025-12-01T00:00:00,True
2117,1792,10,DEBIT,VISA,2026-05-30T00:00:00,True
2118,1793,7,DEBIT,RUPAY,2025-09-28T00:00:00,True
2119,1794,2,DEBIT,VISA,2025-07-06T00:00:00,True
2120,1795,9,DEBIT,RUPAY,2024-08-17T00:00:00,True
2121,1795,8,CREDIT,VISA,2025-04-15T00:00:00,True
2122,1796,2,DEBIT,VISA,2024-08-16T00:00:00,True
2123,1796,2,DEBIT,VISA,2026-04-19T00:00:00,True
2124,1797,3,DEBIT,RUPAY,2025-12-13T00:00:00,True
2125,1798,7,CREDIT,VISA,2026-03-07T00:00:00,True
2126,1799,7,DEBIT,RUPAY,2025-11-24T00:00:00,True
2127,1799,10,DEBIT,VISA,2025-11-02T00:00:00,True
2128,1800,3,CREDIT,RUPAY,2025-07-22T00:00:00,True
2129,1800,1,CREDIT,RUPAY,2024-09-01T00:00:00,True
2130,1800,5,DEBIT,VISA,2025-10-17T00:00:00,True
2131,1801,9,CREDIT,VISA,2025-06-10T00:00:00,True
2132,1801,2,DEBIT,RUPAY,2026-04-24T00:00:00,False
2133,1802,6,DEBIT,VISA,2025-05-12T00:00:00,True
2134,1803,8,CREDIT,RUPAY,2026-04-25T00:00:00,True
2135,1804,2,CREDIT,RUPAY,2025-09-16T00:00:00,True
2136,1804,4,CREDIT,VISA,2025-10-26T00:00:00,True
2137,1804,3,DEBIT,MASTERCARD,2025-12-01T00:00:00,True
2138,1805,9,DEBIT,VISA,2025-09-21T00:00:00,True
2139,1806,8,CREDIT,RUPAY,2024-10-02T00:00:00,True
2140,1807,6,CREDIT,RUPAY,2025-06-17T00:00:00,True
2141,1808,1,DEBIT,RUPAY,2025-06-10T00:00:00,True
2142,1808,3,DEBIT,VISA,2026-07-02T00:00:00,True
2143,1809,6,DEBIT,MASTERCARD,2025-10-14T00:00:00,True
2144,1809,10,DEBIT,RUPAY,2025-10-24T00:00:00,True
2145,1810,7,CREDIT,RUPAY,2025-08-10T00:00:00,True
2146,1811,5,DEBIT,RUPAY,2025-05-26T00:00:00,True
2147,1811,5,CREDIT,MASTERCARD,2026-04-02T00:00:00,True
2148,1811,9,DEBIT,AMEX,2026-07-26T00:00:00,True
2149,1812,9,DEBIT,RUPAY,2026-04-14T00:00:00,True
2150,1812,5,DEBIT,RUPAY,2025-10-21T00:00:00,False
2151,1813,6,CREDIT,VISA,2026-07-30T00:00:00,True
2152,1813,4,CREDIT,MASTERCARD,2025-10-30T00:00:00,True
2153,1814,10,CREDIT,MASTERCARD,2024-12-21T00:00:00,True
2154,1814,9,DEBIT,RUPAY,2026-02-07T00:00:00,True
2155,1815,2,CREDIT,VISA,2025-07-23T00:00:00,True
2156,1815,1,CREDIT,VISA,2026-07-12T00:00:00,True
2157,1816,3,CREDIT,VISA,2026-04-07T00:00:00,True
2158,1816,5,DEBIT,VISA,2026-05-24T00:00:00,True
2159,1816,7,DEBIT,RUPAY,2026-07-23T00:00:00,True
2160,1818,3,CREDIT,RUPAY,2026-02-20T00:00:00,True
2161,1819,5,CREDIT,RUPAY,2025-09-07T00:00:00,True
2162,1819,4,DEBIT,VISA,2026-05-29T00:00:00,True
2163,1820,10,DEBIT,AMEX,2025-05-14T00:00:00,True
2164,1820,6,DEBIT,RUPAY,2026-05-10T00:00:00,True
2165,1821,9,CREDIT,VISA,2026-05-07T00:00:00,True
2166,1822,2,CREDIT,RUPAY,2026-03-20T00:00:00,True
2167,1823,3,CREDIT,MASTERCARD,2025-08-09T00:00:00,True
2168,1824,7,DEBIT,VISA,2026-06-22T00:00:00,True
2169,1824,7,CREDIT,RUPAY,2025-08-12T00:00:00,True
2170,1825,3,CREDIT,MASTERCARD,2024-08-15T00:00:00,False
2171,1825,7,DEBIT,VISA,2025-10-08T00:00:00,True
2172,1825,3,CREDIT,VISA,2024-10-22T00:00:00,True
2173,1826,3,CREDIT,VISA,2025-06-15T00:00:00,True
2174,1827,8,DEBIT,VISA,2025-03-04T00:00:00,True
2175,1828,7,CREDIT,RUPAY,2025-07-01T00:00:00,True
2176,1830,4,DEBIT,VISA,2026-05-09T00:00:00,True
2177,1832,7,CREDIT,VISA,2026-07-21T00:00:00,True
2178,1833,9,CREDIT,AMEX,2025-05-21T00:00:00,True
2179,1833,4,CREDIT,RUPAY,2026-03-30T00:00:00,True
2180,1834,8,DEBIT,RUPAY,2026-03-22T00:00:00,True
2181,1834,3,DEBIT,VISA,2025-01-13T00:00:00,True
2182,1835,10,CREDIT,VISA,2025-07-01T00:00:00,True
2183,1836,7,DEBIT,MASTERCARD,2026-01-13T00:00:00,True
2184,1837,4,DEBIT,RUPAY,2025-07-20T00:00:00,True
2185,1838,3,DEBIT,MASTERCARD,2025-01-29T00:00:00,True
2186,1839,1,DEBIT,AMEX,2025-08-07T00:00:00,True
2187,1840,6,DEBIT,RUPAY,2024-08-27T00:00:00,True
2188,1840,5,CREDIT,VISA,2026-03-10T00:00:00,True
2189,1841,9,DEBIT,MASTERCARD,2025-08-19T00:00:00,True
2190,1842,9,DEBIT,RUPAY,2026-07-14T00:00:00,True
2191,1843,9,DEBIT,VISA,2026-04-22T00:00:00,True
2192,1844,9,DEBIT,VISA,2026-03-17T00:00:00,True
2193,1844,4,DEBIT,VISA,2025-10-23T00:00:00,False
2194,1845,7,DEBIT,RUPAY,2025-01-26T00:00:00,True
2195,1845,8,CREDIT,RUPAY,2024-11-19T00:00:00,True
2196,1846,7,DEBIT,RUPAY,2025-03-16T00:00:00,True
2197,1846,2,CREDIT,AMEX,2026-02-03T00:00:00,True
2198,1847,9,DEBIT,VISA,2025-01-07T00:00:00,True
2199,1850,9,DEBIT,VISA,2025-10-14T00:00:00,True
2200,1851,3,CREDIT,MASTERCARD,2025-11-14T00:00:00,True
2201,1853,3,CREDIT,RUPAY,2026-03-19T00:00:00,True
2202,1854,7,CREDIT,VISA,2026-02-16T00:00:00,True
2203,1854,8,CREDIT,RUPAY,2025-05-24T00:00:00,True
2204,1856,2,DEBIT,MASTERCARD,2025-12-31T00:00:00,True
2205,1856,4,DEBIT,VISA,2026-02-18T00:00:00,True
2206,1857,4,DEBIT,VISA,2026-03-30T00:00:00,True
2207,1857,8,DEBIT,RUPAY,2025-06-15T00:00:00,True
2208,1859,3,DEBIT,RUPAY,2026-01-09T00:00:00,True
2209,1859,9,DEBIT,VISA,2024-09-02T00:00:00,True
2210,1861,3,CREDIT,MASTERCARD,2024-11-29T00:00:00,True
2211,1863,6,DEBIT,RUPAY,2026-02-20T00:00:00,True
2212,1863,10,DEBIT,RUPAY,2026-05-31T00:00:00,True
2213,1864,9,DEBIT,RUPAY,2024-09-06T00:00:00,True
2214,1864,8,CREDIT,MASTERCARD,2026-04-12T00:00:00,False
2215,1865,3,CREDIT,RUPAY,2026-04-05T00:00:00,True
2216,1866,4,CREDIT,RUPAY,2026-01-15T00:00:00,True
2217,1866,7,DEBIT,RUPAY,2025-11-18T00:00:00,True
2218,1867,7,DEBIT,MASTERCARD,2026-04-30T00:00:00,True
2219,1868,4,DEBIT,VISA,2025-08-07T00:00:00,True
2220,1868,1,DEBIT,MASTERCARD,2024-11-21T00:00:00,True
2221,1870,2,CREDIT,VISA,2024-09-22T00:00:00,True
2222,1870,6,DEBIT,RUPAY,2025-08-11T00:00:00,True
2223,1871,10,DEBIT,RUPAY,2026-01-20T00:00:00,True
2224,1873,9,DEBIT,VISA,2024-10-27T00:00:00,True
2225,1874,1,DEBIT,RUPAY,2025-01-13T00:00:00,True
2226,1876,4,DEBIT,AMEX,2024-12-04T00:00:00,True
2227,1876,7,DEBIT,RUPAY,2026-04-18T00:00:00,True
2228,1877,8,DEBIT,RUPAY,2025-01-02T00:00:00,True
2229,1877,5,DEBIT,RUPAY,2025-08-10T00:00:00,True
2230,1878,8,DEBIT,VISA,2025-04-04T00:00:00,True
2231,1879,5,DEBIT,VISA,2025-03-21T00:00:00,True
2232,1879,10,CREDIT,VISA,2026-01-02T00:00:00,True
2233,1880,10,DEBIT,MASTERCARD,2026-08-03T00:00:00,True
2234,1881,3,DEBIT,VISA,2026-01-13T00:00:00,True
2235,1881,9,DEBIT,VISA,2024-09-17T00:00:00,True
2236,1883,5,DEBIT,AMEX,2025-03-30T00:00:00,True
2237,1884,6,CREDIT,VISA,2025-04-27T00:00:00,True
2238,1885,1,DEBIT,RUPAY,2025-06-13T00:00:00,True
2239,1885,7,DEBIT,RUPAY,2025-09-12T00:00:00,True
2240,1886,10,CREDIT,VISA,2024-11-02T00:00:00,True
2241,1886,8,CREDIT,RUPAY,2026-04-26T00:00:00,True
2242,1887,1,DEBIT,RUPAY,2024-10-27T00:00:00,True
2243,1888,2,DEBIT,RUPAY,2024-11-19T00:00:00,True
2244,1889,8,CREDIT,RUPAY,2026-08-02T00:00:00,True
2245,1889,9,CREDIT,MASTERCARD,2025-11-13T00:00:00,True
2246,1890,3,DEBIT,VISA,2026-05-24T00:00:00,True
2247,1892,3,DEBIT,RUPAY,2025-08-01T00:00:00,True
2248,1893,10,CREDIT,RUPAY,2024-12-07T00:00:00,True
2249,1894,8,CREDIT,RUPAY,2025-10-09T00:00:00,True
2250,1896,7,DEBIT,VISA,2024-09-11T00:00:00,True
2251,1896,3,CREDIT,RUPAY,2025-03-23T00:00:00,True
2252,1896,10,DEBIT,VISA,2025-03-11T00:00:00,True
2253,1898,8,CREDIT,RUPAY,2024-11-14T00:00:00,True
2254,1898,8,DEBIT,VISA,2026-05-22T00:00:00,True
2255,1900,10,CREDIT,VISA,2025-08-03T00:00:00,True
2256,1901,6,DEBIT,VISA,2025-08-30T00:00:00,True
2257,1902,8,DEBIT,MASTERCARD,2024-10-17T00:00:00,True
2258,1903,7,DEBIT,RUPAY,2025-08-09T00:00:00,True
2259,1904,8,CREDIT,RUPAY,2024-11-12T00:00:00,True
2260,1905,9,CREDIT,AMEX,2025-07-18T00:00:00,True
2261,1906,5,DEBIT,RUPAY,2025-04-28T00:00:00,True
2262,1906,7,DEBIT,VISA,2026-02-09T00:00:00,True
2263,1906,1,CREDIT,RUPAY,2025-04-06T00:00:00,True
2264,1908,2,CREDIT,MASTERCARD,2026-03-27T00:00:00,True
2265,1908,3,CREDIT,VISA,2026-07-24T00:00:00,True
2266,1909,10,DEBIT,VISA,2024-12-25T00:00:00,True
2267,1910,6,CREDIT,MASTERCARD,2026-06-07T00:00:00,True
2268,1911,9,DEBIT,RUPAY,2024-10-10T00:00:00,True
2269,1912,4,CREDIT,VISA,2024-11-04T00:00:00,True
2270,1914,9,DEBIT,RUPAY,2024-08-25T00:00:00,True
2271,1915,2,CREDIT,RUPAY,2026-05-18T00:00:00,True
2272,1916,8,DEBIT,MASTERCARD,2026-02-22T00:00:00,True
2273,1917,10,DEBIT,VISA,2024-10-22T00:00:00,True
2274,1917,5,CREDIT,RUPAY,2024-08-22T00:00:00,True
2275,1918,3,DEBIT,MASTERCARD,2025-07-19T00:00:00,True
2276,1919,1,DEBIT,RUPAY,2024-12-29T00:00:00,True
2277,1920,3,CREDIT,MASTERCARD,2024-09-16T00:00:00,True
2278,1921,10,DEBIT,VISA,2025-09-25T00:00:00,True
2279,1922,9,CREDIT,VISA,2024-12-27T00:00:00,True
2280,1922,1,DEBIT,VISA,2026-04-03T00:00:00,True
2281,1923,7,CREDIT,VISA,2026-06-20T00:00:00,True
2282,1924,2,DEBIT,VISA,2025-06-20T00:00:00,True
2283,1924,10,CREDIT,VISA,2025-02-04T00:00:00,True
2284,1925,2,DEBIT,VISA,2026-04-14T00:00:00,True
2285,1925,7,DEBIT,VISA,2025-03-19T00:00:00,True
2286,1925,9,CREDIT,RUPAY,2025-06-11T00:00:00,True
2287,1926,5,DEBIT,MASTERCARD,2025-02-23T00:00:00,True
2288,1927,10,DEBIT,VISA,2025-11-17T00:00:00,True
2289,1927,8,DEBIT,RUPAY,2025-04-15T00:00:00,True
2290,1928,6,CREDIT,MASTERCARD,2025-04-04T00:00:00,True
2291,1928,2,CREDIT,VISA,2025-09-06T00:00:00,True
2292,1929,10,DEBIT,VISA,2025-09-13T00:00:00,True
2293,1929,6,DEBIT,RUPAY,2026-01-15T00:00:00,True
2294,1931,8,DEBIT,MASTERCARD,2025-04-22T00:00:00,True
2295,1932,5,DEBIT,RUPAY,2025-05-14T00:00:00,True
2296,1933,4,CREDIT,RUPAY,2026-07-26T00:00:00,True
2297,1933,7,CREDIT,RUPAY,2026-03-23T00:00:00,True
2298,1934,5,CREDIT,RUPAY,2025-09-11T00:00:00,True
2299,1935,6,DEBIT,VISA,2025-11-21T00:00:00,True
2300,1936,4,DEBIT,RUPAY,2025-03-27T00:00:00,True
2301,1937,7,DEBIT,RUPAY,2025-10-23T00:00:00,True
2302,1937,10,CREDIT,RUPAY,2025-09-16T00:00:00,True
2303,1938,10,DEBIT,RUPAY,2026-02-20T00:00:00,True
2304,1939,4,DEBIT,RUPAY,2024-11-21T00:00:00,True
2305,1940,8,CREDIT,VISA,2026-01-01T00:00:00,True
2306,1940,8,CREDIT,VISA,2026-07-18T00:00:00,True
2307,1942,9,DEBIT,RUPAY,2026-02-28T00:00:00,True
2308,1943,7,DEBIT,RUPAY,2024-12-08T00:00:00,True
2309,1943,2,DEBIT,MASTERCARD,2025-02-27T00:00:00,True
2310,1944,7,CREDIT,RUPAY,2025-01-04T00:00:00,True
2311,1944,3,CREDIT,RUPAY,2025-07-28T00:00:00,True
2312,1945,10,CREDIT,VISA,2026-04-01T00:00:00,True
2313,1945,10,DEBIT,VISA,2025-03-18T00:00:00,True
2314,1946,2,DEBIT,VISA,2026-05-29T00:00:00,True
2315,1948,2,DEBIT,MASTERCARD,2026-06-29T00:00:00,False
2316,1949,4,CREDIT,RUPAY,2024-09-12T00:00:00,True
2317,1950,10,CREDIT,MASTERCARD,2025-04-19T00:00:00,True
2318,1951,2,CREDIT,VISA,2025-05-15T00:00:00,True
2319,1953,4,DEBIT,VISA,2024-11-20T00:00:00,True
2320,1955,2,DEBIT,AMEX,2025-10-28T00:00:00,True
2321,1955,4,CREDIT,AMEX,2026-02-18T00:00:00,True
2322,1956,10,DEBIT,RUPAY,2026-06-14T00:00:00,True
2323,1956,1,CREDIT,VISA,2025-01-22T00:00:00,True
2324,1956,1,CREDIT,RUPAY,2025-10-11T00:00:00,True
2325,1958,1,DEBIT,VISA,2026-05-07T00:00:00,True
2326,1959,4,CREDIT,RUPAY,2025-07-13T00:00:00,True
2327,1960,1,CREDIT,VISA,2025-10-19T00:00:00,True
2328,1961,2,DEBIT,RUPAY,2026-04-07T00:00:00,True
2329,1961,9,CREDIT,VISA,2025-12-15T00:00:00,True
2330,1961,2,DEBIT,VISA,2024-12-26T00:00:00,True
2331,1962,1,DEBIT,VISA,2025-11-28T00:00:00,True
2332,1962,1,CREDIT,RUPAY,2026-03-01T00:00:00,True
2333,1963,3,DEBIT,MASTERCARD,2026-05-19T00:00:00,True
2334,1964,2,DEBIT,RUPAY,2025-10-30T00:00:00,True
2335,1965,5,DEBIT,VISA,2024-10-22T00:00:00,True
2336,1966,8,CREDIT,AMEX,2026-06-14T00:00:00,True
2337,1967,5,CREDIT,RUPAY,2024-12-09T00:00:00,True
2338,1969,6,CREDIT,VISA,2026-04-13T00:00:00,True
2339,1971,9,CREDIT,VISA,2025-01-28T00:00:00,True
2340,1972,5,DEBIT,VISA,2026-05-20T00:00:00,True
2341,1972,8,DEBIT,VISA,2026-08-04T00:00:00,True
2342,1973,5,DEBIT,RUPAY,2025-08-12T00:00:00,True
2343,1973,10,CREDIT,RUPAY,2026-04-14T00:00:00,True
2344,1974,10,DEBIT,RUPAY,2025-07-24T00:00:00,True
2345,1975,7,CREDIT,MASTERCARD,2026-01-08T00:00:00,True
2346,1975,3,DEBIT,VISA,2026-05-25T00:00:00,True
2347,1976,3,DEBIT,MASTERCARD,2025-08-20T00:00:00,False
2348,1977,1,DEBIT,VISA,2026-06-10T00:00:00,True
2349,1978,7,DEBIT,AMEX,2025-10-15T00:00:00,True
2350,1979,9,DEBIT,RUPAY,2024-08-15T00:00:00,False
2351,1979,7,DEBIT,RUPAY,2026-06-29T00:00:00,True
2352,1981,9,CREDIT,MASTERCARD,2025-01-29T00:00:00,True
2353,1982,3,CREDIT,VISA,2025-01-08T00:00:00,True
2354,1983,9,CREDIT,VISA,2025-01-16T00:00:00,True
2355,1984,10,CREDIT,VISA,2024-11-12T00:00:00,False
2356,1984,9,CREDIT,RUPAY,2024-12-06T00:00:00,True
2357,1986,4,CREDIT,VISA,2025-06-27T00:00:00,True
2358,1990,10,CREDIT,RUPAY,2025-10-31T00:00:00,True
2359,1990,6,DEBIT,RUPAY,2024-09-20T00:00:00,True
2360,1991,3,DEBIT,VISA,2024-10-23T00:00:00,False
2361,1992,6,CREDIT,VISA,2025-07-16T00:00:00,True
2362,1992,3,DEBIT,RUPAY,2024-11-15T00:00:00,True
2363,1993,7,DEBIT,VISA,2026-05-15T00:00:00,True
2364,1994,9,DEBIT,RUPAY,2025-03-26T00:00:00,False
2365,1995,9,DEBIT,AMEX,2026-06-30T00:00:00,True
2366,1996,2,DEBIT,VISA,2026-06-17T00:00:00,True
2367,1998,4,DEBIT,MASTERCARD,2026-03-22T00:00:00,False
2368,1998,6,DEBIT,AMEX,2025-12-27T00:00:00,True
2369,1998,10,DEBIT,RUPAY,2024-08-31T00:00:00,True
2370,1999,1,DEBIT,RUPAY,2025-10-24T00:00:00,True
2371,2000,3,DEBIT,RUPAY,2025-10-23T00:00:00,False
