user_id,full_name,email,phone,state_code,signup_date,user_segment,is_active
1,Aryan Maharaj,aryan1@example.com,3218196001,TN,2024-09-04T00:00:00,Retail,True
2,Rushil Saini,rushil2@example.com,7940265423,TG,2024-11-22T00:00:00,Retail,True
3,Gunbir Parmer,gunbir3@example.com,9407816184,KA,2026-04-06T00:00:00,Retail,False
4,Ekaraj Bath,ekaraj4@example.com,4131647525,WB,2025-04-05T00:00:00,Retail,False
5,Onveer Walla,onveer5@example.com,2764835030,WB,2026-06-06T00:00:00,Retail,True
6,Siddharth Murty,siddharth6@example.com,7672423884,AS,2026-04-05T00:00:00,Retail,True
7,Janaki Kanda,janaki7@example.com,8710122691,UP,2026-07-25T00:00:00,Retail,True
8,Zayan Apte,zayan8@example.com,8451462704,WB,2025-07-20T00:00:00,Retail,True
9,Chanchal Tripathi,chanchal9@example.com,2528809570,HR,2025-07-28T00:00:00,Retail,True
10,Dalbir Khosla,dalbir10@example.com,1718227824,AS,2026-02-10T00:00:00,Retail,True
11,Sai Muni,sai11@example.com,5787133150,KA,2026-02-26T00:00:00,Retail,True
12,Abhimanyu Bobal,abhimanyu12@example.com,3105183473,HR,2026-03-24T00:00:00,Retail,True
13,Xavier Solanki,xavier13@example.com,3116566701,GJ,2025-06-02T00:00:00,Premium,True
14,Yuvraj Handa,yuvraj14@example.com,8726247317,TN,2025-09-03T00:00:00,Retail,True
15,Girik Khalsa,girik15@example.com,6773602606,HR,2025-01-23T00:00:00,Retail,True
16,Vidhi Dubey,vidhi16@example.com,4309805009,RJ,2026-07-29T00:00:00,Premium,True
17,Dakshesh Trivedi,dakshesh17@example.com,2191361939,UP,2026-02-07T00:00:00,Retail,True
18,Oni Virk,oni18@example.com,4353462475,MP,2025-05-13T00:00:00,Premium,True
19,Ethan Yogi,ethan19@example.com,8425135427,GJ,2026-07-12T00:00:00,Retail,True
20,Chandani Chawla,chandani20@example.com,4118244935,DL,2025-04-01T00:00:00,SME,True
21,Zayan Behl,zayan21@example.com,6400524278,MP,2025-05-11T00:00:00,Retail,True
22,Faqid Dixit,faqid22@example.com,5982620450,PB,2025-03-15T00:00:00,Retail,True
23,Irya Ray,irya23@example.com,3226025634,AS,2025-01-03T00:00:00,Retail,True
24,Upma Kapadia,upma24@example.com,7543303654,RJ,2026-03-31T00:00:00,Retail,True
25,Garima Bala,garima25@example.com,4294019655,HR,2025-03-22T00:00:00,Premium,True
26,Lekha Gupta,lekha26@example.com,0608835615,OD,2024-11-11T00:00:00,SME,True
27,Yashica More,yashica27@example.com,5648236629,TG,2026-05-14T00:00:00,Retail,True
28,Daksha Mangat,daksha28@example.com,6995777387,KA,2025-09-08T00:00:00,Retail,True
29,Girik Keer,girik29@example.com,3320037917,RJ,2026-02-27T00:00:00,SME,False
30,Warda Ratta,warda30@example.com,2016328708,TN,2026-07-09T00:00:00,SME,True
31,Ucchal Wali,ucchal31@example.com,7986872774,PB,2024-12-02T00:00:00,Retail,True
32,William Maharaj,william32@example.com,1434558122,MH,2025-05-06T00:00:00,Premium,True
33,Devansh Sachdeva,devansh33@example.com,5876036690,TN,2026-05-12T00:00:00,Retail,True
34,Indira Misra,indira34@example.com,6889373467,WB,2025-01-13T00:00:00,Retail,True
35,Noah Sibal,noah35@example.com,9806990162,MH,2026-04-15T00:00:00,Retail,False
36,Ladli Narang,ladli36@example.com,7556464170,HR,2025-06-20T00:00:00,Retail,True
37,Ekapad Baria,ekapad37@example.com,3309232719,KA,2024-11-05T00:00:00,Retail,True
38,Oliver Contractor,oliver38@example.com,4190496631,TG,2024-12-19T00:00:00,Retail,True
39,Jai Barman,jai39@example.com,8651850671,UP,2025-05-08T00:00:00,Retail,True
40,Radhika Goda,radhika40@example.com,9877694531,WB,2026-02-13T00:00:00,SME,True
41,Ladli Nayar,ladli41@example.com,7527354549,KL,2025-09-22T00:00:00,Premium,True
42,Frederick Khurana,frederick42@example.com,7837770143,AS,2026-01-21T00:00:00,Retail,True
43,Urvashi Wali,urvashi43@example.com,6855744431,KA,2025-07-22T00:00:00,Retail,True
44,Rehaan Kalita,rehaan44@example.com,4989413435,GJ,2024-08-17T00:00:00,Retail,True
45,Anusha Bath,anusha45@example.com,8427109477,GJ,2024-10-18T00:00:00,Premium,True
46,Zayyan Sridhar,zayyan46@example.com,1671902294,KA,2026-01-18T00:00:00,Retail,True
47,Upkaar Virk,upkaar47@example.com,7749649909,WB,2026-02-13T00:00:00,Retail,True
48,Finn Dugar,finn48@example.com,2812067974,OD,2025-04-15T00:00:00,SME,True
49,Sudiksha Bobal,sudiksha49@example.com,4936183242,WB,2024-11-14T00:00:00,Retail,True
50,Bhavya Sarna,bhavya50@example.com,7464887719,BR,2025-10-04T00:00:00,Retail,True
51,Atharv Chand,atharv51@example.com,9904902787,TN,2024-10-11T00:00:00,Retail,True
52,Vyanjana Chand,vyanjana52@example.com,5655125674,TN,2025-04-21T00:00:00,Retail,True
53,Gaurang Murty,gaurang53@example.com,5168087603,TG,2025-10-16T00:00:00,Retail,True
54,Riya Behl,riya54@example.com,4824771093,KA,2025-11-06T00:00:00,SME,True
55,Nikita Chander,nikita55@example.com,1712748467,TN,2024-09-30T00:00:00,Retail,True
56,Leela Halder,leela56@example.com,1465840449,MH,2024-11-13T00:00:00,Premium,True
57,Veda Pai,veda57@example.com,8867533963,UP,2025-09-30T00:00:00,Retail,True
58,Lakshmi Raju,lakshmi58@example.com,7028951718,MP,2024-10-09T00:00:00,Retail,False
59,Mohammed Borde,mohammed59@example.com,4596158657,MP,2025-05-08T00:00:00,Premium,True
60,Wahab Mani,wahab60@example.com,1611724005,KL,2025-10-17T00:00:00,Retail,True
61,Raagini Dhingra,raagini61@example.com,8692221969,OD,2025-01-15T00:00:00,Retail,True
62,Vincent Shenoy,vincent62@example.com,7407482175,DL,2026-03-26T00:00:00,Retail,True
63,Tanmayi Mittal,tanmayi63@example.com,6713695944,PB,2024-10-07T00:00:00,Retail,True
64,Chandran Taneja,chandran64@example.com,3953394210,UP,2024-10-07T00:00:00,Premium,True
65,Karan Chana,karan65@example.com,5623285884,UP,2024-10-19T00:00:00,Retail,True
66,Hamsini Contractor,hamsini66@example.com,1236851604,GJ,2025-09-27T00:00:00,Retail,True
67,Adweta Raj,adweta67@example.com,1370985931,GJ,2026-03-25T00:00:00,Retail,True
68,Logan Bath,logan68@example.com,4711382675,BR,2026-06-14T00:00:00,Retail,True
69,Oeshi Chaudhary,oeshi69@example.com,9640537735,RJ,2025-03-07T00:00:00,Retail,True
70,Darsh Rao,darsh70@example.com,3171390053,RJ,2025-09-19T00:00:00,Retail,True
71,Sarthak Kalita,sarthak71@example.com,5290422842,AS,2025-06-29T00:00:00,Premium,True
72,Ishita Khanna,ishita72@example.com,0240268117,MH,2025-11-22T00:00:00,Retail,True
73,Siya Thakur,siya73@example.com,9084700766,TN,2024-10-24T00:00:00,Retail,True
74,Faris Nagy,faris74@example.com,1249985698,TG,2025-08-02T00:00:00,SME,True
75,Hardik Contractor,hardik75@example.com,6736576615,HR,2025-05-28T00:00:00,Retail,True
76,Michael Som,michael76@example.com,1116152809,KL,2026-04-28T00:00:00,Premium,True
77,Nirja Pandya,nirja77@example.com,0494519832,MH,2026-06-24T00:00:00,SME,True
78,Jhalak Contractor,jhalak78@example.com,9368998094,TN,2024-12-25T00:00:00,Retail,True
79,Harinakshi Panchal,harinakshi79@example.com,2296120183,TG,2025-05-15T00:00:00,Retail,True
80,Nakul Pingle,nakul80@example.com,5991022901,PB,2025-03-06T00:00:00,Retail,True
81,Riya Sachdeva,riya81@example.com,3815614978,OD,2025-04-24T00:00:00,Premium,True
82,Christopher Amble,christopher82@example.com,4324451076,KA,2026-05-21T00:00:00,Retail,True
83,Xiti Pandya,xiti83@example.com,6060715969,MH,2025-07-17T00:00:00,SME,True
84,Nidhi Bail,nidhi84@example.com,2975161369,RJ,2025-01-22T00:00:00,Retail,True
85,Dayita Nori,dayita85@example.com,5218188355,BR,2026-03-07T00:00:00,Retail,True
86,Aahana Hora,aahana86@example.com,9212779979,TG,2026-02-19T00:00:00,Retail,True
87,Ria Bir,ria87@example.com,7449058147,TG,2025-10-24T00:00:00,Retail,True
88,Bhavini Bose,bhavini88@example.com,9986798079,DL,2025-08-11T00:00:00,Retail,True
89,Yachana Dora,yachana89@example.com,7151820377,TN,2025-08-07T00:00:00,SME,True
90,Januja Pradhan,januja90@example.com,6659051518,BR,2026-05-07T00:00:00,Retail,True
91,Gauri Bumb,gauri91@example.com,5462914865,GJ,2025-01-23T00:00:00,Premium,True
92,Yashoda Pathak,yashoda92@example.com,5423573322,BR,2024-09-04T00:00:00,Retail,True
93,Gayathri Deep,gayathri93@example.com,2229270653,BR,2026-06-26T00:00:00,SME,True
94,Vivaan Walla,vivaan94@example.com,4735977468,RJ,2025-01-20T00:00:00,SME,True
95,Lakshit Krishna,lakshit95@example.com,7581814124,DL,2025-12-04T00:00:00,Retail,True
96,Gavin Kapadia,gavin96@example.com,5060685361,AS,2025-08-03T00:00:00,Retail,True
97,Hardik Nayak,hardik97@example.com,2047277901,GJ,2025-03-26T00:00:00,Retail,True
98,Pallavi Choudhry,pallavi98@example.com,3410369711,PB,2025-05-22T00:00:00,SME,True
99,Yutika Khurana,yutika99@example.com,4609539621,RJ,2025-08-04T00:00:00,Retail,True
100,Madhavi Singhal,madhavi100@example.com,6540515319,PB,2024-09-07T00:00:00,Retail,True
101,Hamsini Gill,hamsini101@example.com,7221704303,UP,2026-03-27T00:00:00,Premium,True
102,Urvashi Kulkarni,urvashi102@example.com,3450541566,TN,2026-04-12T00:00:00,Retail,True
103,Watika Tank,watika103@example.com,8416169284,PB,2025-10-30T00:00:00,Retail,True
104,Chakrika Mohan,chakrika104@example.com,9627570596,MP,2026-03-23T00:00:00,Retail,False
105,Januja Varghese,januja105@example.com,0297021355,BR,2024-08-11T00:00:00,Retail,True
106,Shivani Prabhakar,shivani106@example.com,7192856543,WB,2025-08-17T00:00:00,Retail,True
107,Zarna Ram,zarna107@example.com,4473947312,PB,2026-05-10T00:00:00,Retail,True
108,Gagan Nagarajan,gagan108@example.com,1884422583,KL,2026-01-11T00:00:00,Retail,True
109,Wakeeta Bal,wakeeta109@example.com,8957829114,MP,2026-07-24T00:00:00,Retail,True
110,Nimrat Borah,nimrat110@example.com,5177852892,BR,2026-06-21T00:00:00,Premium,True
111,Jeet Vasa,jeet111@example.com,4225358414,UP,2026-05-02T00:00:00,Retail,True
112,Chavvi Walla,chavvi112@example.com,8299229959,MH,2025-06-17T00:00:00,Retail,True
113,Alka Kade,alka113@example.com,9078447364,PB,2025-11-29T00:00:00,Retail,True
114,Ria Sagar,ria114@example.com,7359255562,OD,2025-01-30T00:00:00,Retail,True
115,Eiravati Khurana,eiravati115@example.com,1473210469,PB,2024-11-13T00:00:00,SME,True
116,Dhriti Gupta,dhriti116@example.com,7877470168,KL,2025-03-28T00:00:00,SME,True
117,Chanakya Bedi,chanakya117@example.com,7974801624,DL,2025-04-17T00:00:00,Premium,True
118,Nandini Behl,nandini118@example.com,5841687849,KA,2025-11-19T00:00:00,Retail,True
119,Meera Prakash,meera119@example.com,8523986800,WB,2026-07-24T00:00:00,Retail,True
120,Zilmil Shan,zilmil120@example.com,9825952694,TG,2026-06-12T00:00:00,Retail,True
121,Chandani Soman,chandani121@example.com,5516940974,TN,2025-10-19T00:00:00,Retail,True
122,Varsha Garde,varsha122@example.com,2309130756,AS,2024-09-30T00:00:00,Retail,True
123,Yachana Sinha,yachana123@example.com,2838578652,TN,2025-11-20T00:00:00,Retail,True
124,Aishani Sule,aishani124@example.com,3484344375,PB,2025-11-06T00:00:00,Retail,True
125,Bhavna Dara,bhavna125@example.com,6524041574,BR,2026-02-22T00:00:00,Retail,True
126,Anita Devan,anita126@example.com,9933083301,OD,2025-11-13T00:00:00,Retail,True
127,Laksh Ahluwalia,laksh127@example.com,6773454019,RJ,2026-01-25T00:00:00,Retail,True
128,Omisha Goda,omisha128@example.com,6724004991,AS,2024-10-28T00:00:00,Retail,True
129,Krish Thaman,krish129@example.com,4315274205,PB,2025-07-03T00:00:00,SME,True
130,Nidra Sane,nidra130@example.com,1612275304,TG,2025-04-03T00:00:00,Retail,True
131,Forum Mittal,forum131@example.com,4530174268,WB,2024-10-14T00:00:00,Retail,True
132,Timothy Kanda,timothy132@example.com,7279568783,AS,2025-10-09T00:00:00,Retail,True
133,Janaki Brahmbhatt,janaki133@example.com,0883982258,MP,2026-03-31T00:00:00,Premium,False
134,Gavin Uppal,gavin134@example.com,0728679087,MP,2025-12-11T00:00:00,Retail,True
135,Aarush Kamdar,aarush135@example.com,0651801704,MP,2025-10-13T00:00:00,Retail,True
136,Kavya Raja,kavya136@example.com,6618251286,GJ,2025-12-22T00:00:00,Retail,True
137,Arin Misra,arin137@example.com,8686337524,MH,2025-09-12T00:00:00,Retail,True
138,Amol Khosla,amol138@example.com,1190790306,MP,2025-01-26T00:00:00,SME,True
139,Daksh Dey,daksh139@example.com,3959953428,MH,2025-09-17T00:00:00,Retail,True
140,Darsh Gill,darsh140@example.com,8705685662,KA,2026-05-30T00:00:00,Retail,True
141,Wridesh Kar,wridesh141@example.com,2708668826,UP,2024-09-30T00:00:00,Retail,True
142,Farhan Sengupta,farhan142@example.com,1830469901,AS,2025-07-10T00:00:00,Retail,True
143,Varenya Joshi,varenya143@example.com,4033173936,RJ,2025-10-15T00:00:00,Retail,True
144,Lajita Shukla,lajita144@example.com,4458771753,MH,2026-02-13T00:00:00,Retail,True
145,Timothy Dhingra,timothy145@example.com,4899642353,GJ,2026-06-06T00:00:00,Retail,True
146,Geetika Kurian,geetika146@example.com,7725228728,DL,2024-09-10T00:00:00,Premium,True
147,Chanakya Ahuja,chanakya147@example.com,2312038750,MH,2026-05-08T00:00:00,Retail,True
148,Amol Ahuja,amol148@example.com,0084840862,TN,2026-03-10T00:00:00,Premium,True
149,Wridesh Handa,wridesh149@example.com,5461567933,RJ,2025-08-22T00:00:00,Retail,True
150,Nidra Raghavan,nidra150@example.com,8700217659,TN,2025-01-24T00:00:00,Premium,True
151,Siddharth Soman,siddharth151@example.com,0148902503,MH,2025-06-25T00:00:00,Retail,True
152,Chandani Gaba,chandani152@example.com,9685621850,MP,2025-09-20T00:00:00,Premium,True
153,Harini Ranganathan,harini153@example.com,0477358662,GJ,2024-11-22T00:00:00,Retail,True
154,Yatin Borah,yatin154@example.com,4262655110,TN,2026-03-12T00:00:00,SME,True
155,Harsh Deo,harsh155@example.com,2678886101,BR,2026-06-18T00:00:00,Retail,True
156,Lekha Arora,lekha156@example.com,6618398262,PB,2024-08-22T00:00:00,SME,True
157,Waida Dhingra,waida157@example.com,2646471543,TN,2025-10-27T00:00:00,Premium,True
158,Tanvi Chhabra,tanvi158@example.com,4065965756,AS,2026-08-04T00:00:00,Retail,True
159,Sai Srinivas,sai159@example.com,2654793564,RJ,2026-05-02T00:00:00,SME,True
160,Pranit Bala,pranit160@example.com,3741672434,OD,2025-11-29T00:00:00,Retail,True
161,Saumya Srinivas,saumya161@example.com,8868058911,RJ,2025-07-06T00:00:00,SME,True
162,Mugdha Narula,mugdha162@example.com,1014388899,KA,2025-05-22T00:00:00,SME,True
163,Ubika Tella,ubika163@example.com,5071461125,AS,2026-03-16T00:00:00,Retail,True
164,Vasudha Pall,vasudha164@example.com,1775140105,MH,2025-12-29T00:00:00,SME,True
165,Nathaniel Narayanan,nathaniel165@example.com,7362266093,WB,2025-08-08T00:00:00,SME,True
166,Aayush Kala,aayush166@example.com,4191825537,RJ,2026-03-02T00:00:00,Retail,True
167,Lipika Ramanathan,lipika167@example.com,5579249912,KA,2025-04-14T00:00:00,Retail,True
168,Jackson Goswami,jackson168@example.com,2866929662,GJ,2026-07-18T00:00:00,Retail,True
169,Vrishti Mani,vrishti169@example.com,2579050723,AS,2024-08-27T00:00:00,Retail,True
170,Nilima Swamy,nilima170@example.com,7721903404,GJ,2025-06-19T00:00:00,Retail,True
171,Tanvi Tandon,tanvi171@example.com,9148580783,HR,2025-10-19T00:00:00,Premium,True
172,Bachittar Sengupta,bachittar172@example.com,5171339596,HR,2026-07-30T00:00:00,Retail,True
173,Samuel Bhargava,samuel173@example.com,8498254494,GJ,2024-12-11T00:00:00,Retail,True
174,Daniel Malhotra,daniel174@example.com,2325367294,UP,2025-02-22T00:00:00,Retail,True
175,Girik Rau,girik175@example.com,5775901751,KL,2024-11-20T00:00:00,SME,True
176,Siddharth Talwar,siddharth176@example.com,5458929750,HR,2025-02-09T00:00:00,Retail,True
177,Jeet Dugar,jeet177@example.com,7063242415,TG,2025-05-17T00:00:00,Retail,True
178,Charles Randhawa,charles178@example.com,3611037129,KL,2026-07-25T00:00:00,Premium,True
179,Abhiram Oza,abhiram179@example.com,6271361115,OD,2024-11-23T00:00:00,SME,True
180,Kiaan Dhar,kiaan180@example.com,8909275326,OD,2025-12-13T00:00:00,Retail,True
181,Harish Dey,harish181@example.com,9656523413,DL,2025-04-25T00:00:00,Premium,True
182,Avi Mitra,avi182@example.com,8983640376,KA,2025-09-24T00:00:00,Retail,True
183,Advik Patel,advik183@example.com,2696582710,DL,2025-01-12T00:00:00,Retail,True
184,Tanveer Baral,tanveer184@example.com,6848666188,KL,2024-11-05T00:00:00,Premium,True
185,Dayita Brar,dayita185@example.com,2856914630,BR,2026-04-22T00:00:00,Retail,True
186,Sudiksha Bhakta,sudiksha186@example.com,2102027588,MP,2025-11-14T00:00:00,Premium,True
187,Amruta Dalal,amruta187@example.com,5648149177,BR,2025-06-18T00:00:00,Retail,True
188,Ojas Pillai,ojas188@example.com,4191380003,TN,2025-03-10T00:00:00,Retail,True
189,Mason Gola,mason189@example.com,8635365419,KA,2025-01-17T00:00:00,Retail,True
190,Praneel Kapoor,praneel190@example.com,6174451870,UP,2024-08-12T00:00:00,Retail,True
191,Xavier Shetty,xavier191@example.com,9738320603,OD,2025-06-04T00:00:00,Retail,True
192,Aarav Puri,aarav192@example.com,1383670241,KL,2026-07-30T00:00:00,SME,True
193,Kashish Shanker,kashish193@example.com,9182619906,GJ,2025-05-07T00:00:00,SME,True
194,Divya Ramaswamy,divya194@example.com,5743132912,WB,2025-10-19T00:00:00,Retail,True
195,Dipta Ray,dipta195@example.com,8537474112,TG,2025-05-09T00:00:00,SME,True
196,Falak Divan,falak196@example.com,3568044206,UP,2025-06-20T00:00:00,Retail,True
197,Girindra Shere,girindra197@example.com,2100323651,KL,2025-11-02T00:00:00,Retail,True
198,Anthony Bhattacharyya,anthony198@example.com,7215107029,MP,2025-05-15T00:00:00,Retail,True
199,Lavanya Sandhu,lavanya199@example.com,5324472099,KA,2026-04-14T00:00:00,Retail,True
200,Nisha Srinivas,nisha200@example.com,1462638380,PB,2026-04-20T00:00:00,Retail,True
201,Hemangini Thakkar,hemangini201@example.com,6420593040,MH,2026-06-29T00:00:00,SME,True
202,Nathaniel Chaudhry,nathaniel202@example.com,3480396522,UP,2025-12-04T00:00:00,Retail,True
203,Ayaan Pandey,ayaan203@example.com,9378427010,RJ,2025-02-11T00:00:00,Premium,True
204,Vanya Acharya,vanya204@example.com,9325250029,OD,2024-11-11T00:00:00,Retail,True
205,Elijah Prakash,elijah205@example.com,9154522675,PB,2026-06-27T00:00:00,Retail,True
206,Udant Gill,udant206@example.com,4422096902,BR,2026-07-21T00:00:00,Retail,True
207,Hemang Taneja,hemang207@example.com,5135521570,MP,2026-02-24T00:00:00,Retail,True
208,Inaya Kunda,inaya208@example.com,0067626765,RJ,2025-07-07T00:00:00,Retail,True
209,Umang Gaba,umang209@example.com,1040541152,MH,2026-06-14T00:00:00,SME,True
210,Hamsini Subramanian,hamsini210@example.com,6296201533,DL,2025-02-18T00:00:00,Retail,True
211,Baghyawati Mishra,baghyawati211@example.com,1069872050,OD,2026-05-12T00:00:00,Retail,True
212,Ryan Chatterjee,ryan212@example.com,3241714677,RJ,2026-02-23T00:00:00,Retail,True
213,Qasim Prabhakar,qasim213@example.com,5270477434,OD,2024-12-12T00:00:00,Retail,True
214,Frederick Padmanabhan,frederick214@example.com,9380686879,GJ,2026-08-06T00:00:00,Retail,True
215,Megha Banerjee,megha215@example.com,1722332061,BR,2024-11-13T00:00:00,Retail,True
216,Ekaja Bhavsar,ekaja216@example.com,6868548709,TN,2025-11-25T00:00:00,Premium,True
217,Oeshi Doctor,oeshi217@example.com,9991191485,TG,2026-01-02T00:00:00,Premium,True
218,Urvashi Barad,urvashi218@example.com,4629960653,RJ,2025-10-09T00:00:00,SME,True
219,Anmol Nazareth,anmol219@example.com,4471324754,GJ,2025-11-20T00:00:00,Retail,True
220,Riya Kakar,riya220@example.com,7850821486,TG,2024-10-20T00:00:00,Retail,True
221,Oscar Hans,oscar221@example.com,0307053457,BR,2025-07-24T00:00:00,Premium,True
222,Wyatt Pradhan,wyatt222@example.com,9727985524,MH,2025-05-26T00:00:00,Retail,True
223,Chandran Gaba,chandran223@example.com,3334680072,OD,2025-01-09T00:00:00,Retail,True
224,Zayyan Mody,zayyan224@example.com,6657437489,PB,2026-02-26T00:00:00,SME,True
225,Yasti Prasad,yasti225@example.com,4171545444,PB,2025-02-19T00:00:00,Premium,True
226,Dakshesh Raval,dakshesh226@example.com,2074466609,MP,2025-04-06T00:00:00,SME,True
227,Vamakshi Parmer,vamakshi227@example.com,2824172482,PB,2025-12-07T00:00:00,Retail,True
228,Udant Mohanty,udant228@example.com,5549471709,MP,2026-06-20T00:00:00,SME,True
229,Robert Tella,robert229@example.com,6846022356,TG,2025-12-30T00:00:00,Premium,True
230,Pranit Buch,pranit230@example.com,5250074329,PB,2024-11-20T00:00:00,SME,True
231,Radha Sanghvi,radha231@example.com,6760083505,AS,2024-08-25T00:00:00,Retail,True
232,Yuvraj Kara,yuvraj232@example.com,4216894210,TG,2024-10-25T00:00:00,Retail,True
233,Radha Desai,radha233@example.com,7532603323,PB,2026-05-10T00:00:00,Retail,True
234,Jatin Peri,jatin234@example.com,6489090100,PB,2026-07-01T00:00:00,SME,True
235,Jatin Krishnan,jatin235@example.com,2304618499,PB,2026-05-13T00:00:00,Retail,True
236,Barkha Comar,barkha236@example.com,7393483564,DL,2026-05-04T00:00:00,Retail,True
237,Sarthak Srivastava,sarthak237@example.com,3001197218,KL,2025-03-30T00:00:00,Retail,True
238,Tanmayi Minhas,tanmayi238@example.com,7012045561,TN,2026-05-20T00:00:00,Retail,True
239,Onkar Narasimhan,onkar239@example.com,7941552166,UP,2026-07-21T00:00:00,Retail,False
240,Oviya Ganesan,oviya240@example.com,2021697972,PB,2024-10-06T00:00:00,Retail,True
241,Kalpit Subramanian,kalpit241@example.com,1670145089,TG,2025-04-17T00:00:00,Retail,True
242,Rachita Kothari,rachita242@example.com,5628900287,UP,2025-01-31T00:00:00,Retail,True
243,Ekani Khosla,ekani243@example.com,4083866317,MP,2026-05-06T00:00:00,Retail,True
244,Wishi Sekhon,wishi244@example.com,1701660880,TG,2025-04-04T00:00:00,Retail,True
245,Yashoda Jhaveri,yashoda245@example.com,5503758997,RJ,2026-06-23T00:00:00,Retail,True
246,Tristan Agate,tristan246@example.com,5488510272,KL,2026-07-04T00:00:00,Retail,True
247,Raghav Dara,raghav247@example.com,3735160917,HR,2026-04-03T00:00:00,Retail,True
248,Wishi Agrawal,wishi248@example.com,8697829221,RJ,2025-11-20T00:00:00,SME,True
249,Yamini Rajagopalan,yamini249@example.com,9346547226,MP,2025-12-17T00:00:00,Retail,True
250,Teerth Iyer,teerth250@example.com,9452288515,HR,2026-03-21T00:00:00,Retail,True
251,Bhavika Sami,bhavika251@example.com,8106200342,MH,2026-06-15T00:00:00,Retail,False
252,Chakrika Jani,chakrika252@example.com,5719838638,DL,2026-04-22T00:00:00,Retail,True
253,Omaja Munshi,omaja253@example.com,0439735989,KL,2025-04-02T00:00:00,Retail,True
254,Peter Borde,peter254@example.com,2816064842,WB,2026-05-07T00:00:00,Retail,True
255,Ganga Shukla,ganga255@example.com,0259094798,TG,2026-05-15T00:00:00,Retail,True
256,Qarin Verma,qarin256@example.com,8268861533,DL,2025-06-22T00:00:00,SME,False
257,Tejas Wali,tejas257@example.com,8015739930,HR,2024-12-22T00:00:00,Retail,True
258,Aahana Zachariah,aahana258@example.com,0858877043,BR,2025-02-05T00:00:00,Retail,True
259,Oliver Yogi,oliver259@example.com,1336138612,HR,2026-02-04T00:00:00,Retail,True
260,Gagan Borah,gagan260@example.com,2481934667,UP,2025-04-30T00:00:00,Premium,True
261,Lopa Dani,lopa261@example.com,9190158144,KL,2025-07-22T00:00:00,SME,True
262,Lakshmi Rana,lakshmi262@example.com,7283268424,KA,2025-01-01T00:00:00,SME,True
263,Jatin Barman,jatin263@example.com,9968814353,MP,2026-03-03T00:00:00,Retail,True
264,Qarin Kant,qarin264@example.com,3129087814,MH,2025-05-07T00:00:00,Retail,True
265,Vidhi Narayanan,vidhi265@example.com,2314913577,RJ,2026-03-31T00:00:00,Retail,True
266,Janya Mutti,janya266@example.com,2053364525,HR,2024-11-28T00:00:00,Retail,True
267,Dalaja Sur,dalaja267@example.com,2914283411,PB,2026-04-26T00:00:00,Retail,True
268,Simon Bansal,simon268@example.com,8872563942,AS,2026-07-28T00:00:00,Retail,True
269,Mekhala Patla,mekhala269@example.com,3928272299,TG,2024-09-25T00:00:00,Premium,True
270,Theodore Sura,theodore270@example.com,1453038567,OD,2024-12-06T00:00:00,Retail,True
271,Harshil Verma,harshil271@example.com,4989266591,TG,2025-09-11T00:00:00,Retail,True
272,Zaitra Ravi,zaitra272@example.com,5779082723,BR,2026-04-03T00:00:00,Retail,True
273,Mason Grover,mason273@example.com,5913651777,BR,2026-06-11T00:00:00,Retail,True
274,Anthony Kohli,anthony274@example.com,2992280920,BR,2025-05-23T00:00:00,Retail,True
275,Anirudh Mander,anirudh275@example.com,3797723692,AS,2025-11-08T00:00:00,Premium,True
276,Oliver Oommen,oliver276@example.com,9913662103,TN,2026-07-13T00:00:00,Retail,True
277,Gopal Goel,gopal277@example.com,9908811729,HR,2024-10-11T00:00:00,Retail,True
278,Kamala Bassi,kamala278@example.com,3765991624,TN,2025-11-18T00:00:00,Retail,True
279,Nilima Kurian,nilima279@example.com,0098180635,MH,2024-09-30T00:00:00,SME,True
280,Pooja Kulkarni,pooja280@example.com,8695946368,TG,2026-03-11T00:00:00,Retail,True
281,Veda Kulkarni,veda281@example.com,9562137213,WB,2026-04-02T00:00:00,Retail,True
282,Naveen Ramachandran,naveen282@example.com,1279611435,PB,2025-01-08T00:00:00,SME,True
283,Nandini Verma,nandini283@example.com,9027703843,RJ,2025-01-05T00:00:00,Premium,True
284,Omkaar Banik,omkaar284@example.com,3021465669,UP,2024-11-30T00:00:00,Retail,False
285,Gautam Mane,gautam285@example.com,5439376904,MH,2025-08-11T00:00:00,SME,True
286,Elijah Thakur,elijah286@example.com,5184894769,PB,2024-08-26T00:00:00,Retail,True
287,Triveni Bala,triveni287@example.com,1416335658,BR,2026-01-30T00:00:00,Retail,True
288,Bhavna Chander,bhavna288@example.com,5182755394,AS,2025-08-15T00:00:00,Retail,True
289,Wahab Khurana,wahab289@example.com,3333952111,GJ,2026-05-01T00:00:00,Retail,True
290,Vasatika Prabhu,vasatika290@example.com,7947284639,KL,2025-11-22T00:00:00,Retail,False
291,Vanya Zachariah,vanya291@example.com,8562718750,OD,2025-09-25T00:00:00,Retail,True
292,Eshana Pathak,eshana292@example.com,2843479552,AS,2024-10-24T00:00:00,SME,True
293,Kashish Patla,kashish293@example.com,4729293143,TG,2024-10-16T00:00:00,Retail,True
294,Madhav Doctor,madhav294@example.com,0267288574,PB,2025-09-04T00:00:00,Premium,True
295,Mitali Chaudhary,mitali295@example.com,0347175455,AS,2026-01-09T00:00:00,Retail,True
296,Anmol Sabharwal,anmol296@example.com,5939982455,TN,2026-06-11T00:00:00,Retail,True
297,Lakshmi Mangat,lakshmi297@example.com,2256996112,WB,2025-10-24T00:00:00,Retail,True
298,Bishakha Loke,bishakha298@example.com,4759876220,PB,2025-11-17T00:00:00,Retail,True
299,Shivansh Ganesan,shivansh299@example.com,1117800681,PB,2025-10-21T00:00:00,Retail,True
300,Frado Ramakrishnan,frado300@example.com,3347228200,TG,2026-07-14T00:00:00,Premium,True
301,Anita Saxena,anita301@example.com,8299796884,KA,2024-11-13T00:00:00,Retail,True
302,Gaurav Sathe,gaurav302@example.com,5642400825,HR,2024-12-21T00:00:00,Retail,True
303,Vyanjana Sood,vyanjana303@example.com,0649308536,PB,2026-06-27T00:00:00,Retail,True
304,Nihal Ramakrishnan,nihal304@example.com,3416389448,BR,2024-10-01T00:00:00,Premium,True
305,Qabil Deshpande,qabil305@example.com,1797497350,HR,2024-11-24T00:00:00,Retail,True
306,Quincy Chaudry,quincy306@example.com,4270312073,OD,2025-03-27T00:00:00,SME,True
307,Kamya Sheth,kamya307@example.com,5120461872,HR,2024-12-05T00:00:00,SME,True
308,Jairaj Kothari,jairaj308@example.com,7303718376,BR,2026-03-07T00:00:00,Premium,True
309,Jason Kulkarni,jason309@example.com,4350313650,MH,2026-04-25T00:00:00,Premium,True
310,Meghana Kibe,meghana310@example.com,0979251327,RJ,2024-09-08T00:00:00,Retail,True
311,Darpan Parekh,darpan311@example.com,8127358573,KL,2025-07-23T00:00:00,Retail,True
312,Zashil Baral,zashil312@example.com,7848739285,TG,2026-03-12T00:00:00,Retail,True
313,Ekapad Wali,ekapad313@example.com,7448570862,MH,2024-11-11T00:00:00,Retail,True
314,Ekani Bhatnagar,ekani314@example.com,3878294565,BR,2025-11-17T00:00:00,Retail,True
315,Caleb Dayal,caleb315@example.com,0317310967,PB,2026-03-14T00:00:00,Retail,True
316,Chandran Peri,chandran316@example.com,9103717058,TG,2025-01-18T00:00:00,SME,False
317,Banjeet Bobal,banjeet317@example.com,1381138633,KA,2025-05-15T00:00:00,Retail,True
318,Ojasvi Cherian,ojasvi318@example.com,7612286852,AS,2025-10-08T00:00:00,Retail,True
319,Divya Nair,divya319@example.com,6659398368,TN,2025-07-29T00:00:00,Retail,True
320,Mekhala Acharya,mekhala320@example.com,4908240433,OD,2026-01-31T00:00:00,Retail,False
321,Girindra Barad,girindra321@example.com,5224593344,MP,2026-04-15T00:00:00,Retail,True
322,Faras Nair,faras322@example.com,2791940961,WB,2024-12-28T00:00:00,SME,True
323,Omaja Dara,omaja323@example.com,9060480589,TN,2024-08-17T00:00:00,Retail,True
324,Michael Bedi,michael324@example.com,7998136462,TG,2025-09-03T00:00:00,Retail,True
325,Chandran Rastogi,chandran325@example.com,1686227837,HR,2024-10-22T00:00:00,Retail,True
326,Xavier Bora,xavier326@example.com,6591166553,BR,2024-08-29T00:00:00,Retail,True
327,Dalaja Gara,dalaja327@example.com,9792703352,PB,2026-03-22T00:00:00,Retail,True
328,Manbir Mani,manbir328@example.com,5147705383,BR,2025-06-02T00:00:00,Retail,False
329,Vasudha Dhaliwal,vasudha329@example.com,6980420439,PB,2025-02-01T00:00:00,SME,True
330,Ekalinga Rama,ekalinga330@example.com,5104636815,HR,2024-11-08T00:00:00,Retail,True
331,Quincy Issac,quincy331@example.com,8003845762,BR,2026-04-05T00:00:00,Retail,True
332,Chasmum Keer,chasmum332@example.com,0460843256,KL,2025-07-23T00:00:00,Retail,True
333,Omisha Khosla,omisha333@example.com,6495782329,KA,2026-01-14T00:00:00,Retail,True
334,Krishna Sani,krishna334@example.com,9251881252,WB,2025-08-02T00:00:00,Retail,True
335,Chavvi Savant,chavvi335@example.com,2312209949,TG,2025-04-08T00:00:00,Retail,True
336,Vihaan Bal,vihaan336@example.com,1728975267,UP,2026-04-18T00:00:00,Retail,True
337,Upkaar Bali,upkaar337@example.com,0463331279,KA,2025-02-07T00:00:00,Premium,True
338,Prisha Ravel,prisha338@example.com,9656999880,AS,2026-03-10T00:00:00,SME,True
339,Brijesh Korpal,brijesh339@example.com,0868034764,PB,2026-05-14T00:00:00,Retail,True
340,Chaitaly Bhagat,chaitaly340@example.com,7718129826,OD,2025-11-05T00:00:00,Retail,True
341,Praneel Setty,praneel341@example.com,7145211175,DL,2025-08-05T00:00:00,Retail,True
342,Kritika Rai,kritika342@example.com,2592222064,AS,2024-09-17T00:00:00,Retail,True
343,Jacob Deep,jacob343@example.com,0940777809,KA,2026-06-01T00:00:00,SME,True
344,Sudiksha Rout,sudiksha344@example.com,1990384983,MP,2025-11-26T00:00:00,Retail,True
345,Ikshita Bansal,ikshita345@example.com,0994510162,DL,2025-11-13T00:00:00,Premium,True
346,Tamanna Parsa,tamanna346@example.com,1455616814,WB,2025-07-05T00:00:00,Retail,True
347,Forum Vyas,forum347@example.com,8339019817,DL,2025-11-14T00:00:00,Retail,True
348,Aashi Vora,aashi348@example.com,2997877293,PB,2024-11-04T00:00:00,Retail,True
349,Arjun Shroff,arjun349@example.com,3966055830,GJ,2026-08-04T00:00:00,Retail,True
350,Darika Mital,darika350@example.com,0155699023,UP,2025-08-17T00:00:00,Retail,True
351,Balendra Deshpande,balendra351@example.com,2785760849,BR,2025-07-22T00:00:00,Retail,True
352,Sathvik Narula,sathvik352@example.com,1240568299,PB,2024-10-16T00:00:00,Retail,True
353,Darika Murty,darika353@example.com,4617357438,MP,2025-05-27T00:00:00,Retail,True
354,Baljiwan Jaggi,baljiwan354@example.com,7807823578,TG,2025-07-17T00:00:00,Retail,True
355,Zaitra Deo,zaitra355@example.com,0768104091,HR,2025-06-23T00:00:00,Premium,True
356,Devika Bajaj,devika356@example.com,3533448571,MP,2024-12-20T00:00:00,Retail,True
357,Ishwar Aurora,ishwar357@example.com,3858542493,KL,2026-03-05T00:00:00,Retail,True
358,Sachi Bedi,sachi358@example.com,0701601662,TG,2026-06-27T00:00:00,Retail,True
359,Devika Natarajan,devika359@example.com,8179217174,KA,2026-06-02T00:00:00,Retail,True
360,Maanas Kuruvilla,maanas360@example.com,6255770171,MH,2025-08-16T00:00:00,Retail,True
361,Barkha Pall,barkha361@example.com,8161581487,PB,2025-12-20T00:00:00,Retail,True
362,Yagnesh Dutt,yagnesh362@example.com,6153966958,TG,2024-10-28T00:00:00,Retail,True
363,Ishwar Sheth,ishwar363@example.com,8172461919,DL,2026-06-18T00:00:00,Retail,True
364,Gautam Kalla,gautam364@example.com,9022784699,TG,2026-04-13T00:00:00,Retail,True
365,Chandani Modi,chandani365@example.com,5190986240,UP,2025-11-01T00:00:00,Retail,True
366,Jagrati Choudhary,jagrati366@example.com,0369656666,GJ,2025-11-07T00:00:00,Retail,True
367,Liam Guha,liam367@example.com,5624220102,AS,2025-04-06T00:00:00,Retail,True
368,Laksh Sagar,laksh368@example.com,9692786876,OD,2025-02-24T00:00:00,Retail,True
369,Abhimanyu Tara,abhimanyu369@example.com,8468950097,AS,2025-11-25T00:00:00,SME,True
370,Fariq Dhar,fariq370@example.com,7818913718,BR,2025-01-22T00:00:00,SME,True
371,Hemal Warrior,hemal371@example.com,7787956544,TG,2025-04-23T00:00:00,Retail,True
372,Abha Bhat,abha372@example.com,9290490471,HR,2026-02-28T00:00:00,Premium,True
373,Zayyan Deo,zayyan373@example.com,4401929275,TN,2025-05-28T00:00:00,Retail,True
374,Pratyush Wable,pratyush374@example.com,5129276637,AS,2026-01-17T00:00:00,Retail,True
375,Chatura Lalla,chatura375@example.com,0276747836,GJ,2025-11-14T00:00:00,SME,True
376,Radhika Arora,radhika376@example.com,7658018569,BR,2024-10-03T00:00:00,Retail,True
377,Guneet Kumer,guneet377@example.com,7393852580,MP,2024-11-01T00:00:00,Retail,False
378,Guneet Vohra,guneet378@example.com,7534430091,TN,2026-06-06T00:00:00,Retail,True
379,Jagdish Chadha,jagdish379@example.com,6921244717,DL,2025-05-30T00:00:00,Premium,True
380,Neel Borah,neel380@example.com,0665044271,TG,2026-08-02T00:00:00,Retail,True
381,Pranav Swamy,pranav381@example.com,2863917410,KA,2024-08-29T00:00:00,Retail,True
382,Sanaya Bahl,sanaya382@example.com,2006425690,BR,2024-12-01T00:00:00,SME,True
383,Netra Boase,netra383@example.com,0671985546,TN,2024-09-27T00:00:00,Retail,True
384,Faris Sharaf,faris384@example.com,3280634615,AS,2024-10-13T00:00:00,Retail,True
385,Logan Banik,logan385@example.com,0937618478,MH,2026-05-19T00:00:00,Retail,True
386,Daksh Nazareth,daksh386@example.com,6138782931,TG,2025-06-04T00:00:00,Retail,True
387,Urishilla Bath,urishilla387@example.com,2020417929,GJ,2026-03-17T00:00:00,Retail,True
388,Thomas Bhatnagar,thomas388@example.com,6565198253,KA,2026-01-28T00:00:00,Premium,True
389,Dev Dara,dev389@example.com,2625827390,MH,2025-09-13T00:00:00,SME,False
390,Nakul Babu,nakul390@example.com,1002194672,MP,2025-08-27T00:00:00,Retail,False
391,Nisha Khare,nisha391@example.com,9092791456,KA,2025-07-29T00:00:00,Retail,True
392,Jacob Wagle,jacob392@example.com,9588373403,TN,2026-03-28T00:00:00,Retail,True
393,Patrick Dutta,patrick393@example.com,0543645970,DL,2025-08-05T00:00:00,Retail,True
394,Nakul Balakrishnan,nakul394@example.com,8113799563,UP,2026-07-12T00:00:00,Retail,True
395,Vedant Chaudhari,vedant395@example.com,6363179706,UP,2024-12-26T00:00:00,Retail,True
396,Pranav Ram,pranav396@example.com,2735435209,AS,2024-09-16T00:00:00,Retail,False
397,Udyati Shanker,udyati397@example.com,2534929298,WB,2024-09-21T00:00:00,Retail,True
398,Tarak Solanki,tarak398@example.com,4063356939,MP,2026-02-17T00:00:00,Retail,False
399,Chaitanya Baria,chaitanya399@example.com,8068671773,WB,2025-05-29T00:00:00,Retail,True
400,Tejas Deo,tejas400@example.com,4310742799,PB,2025-05-16T00:00:00,Retail,True
401,Nidra Goyal,nidra401@example.com,7016580464,MP,2025-11-03T00:00:00,SME,True
402,Faris Nayak,faris402@example.com,8501657905,UP,2025-12-31T00:00:00,Retail,True
403,Samarth Devi,samarth403@example.com,3817933554,RJ,2024-11-02T00:00:00,Retail,True
404,Dev Pradhan,dev404@example.com,7788178847,UP,2026-02-19T00:00:00,Retail,True
405,Tanvi Chahal,tanvi405@example.com,6241124127,PB,2026-06-17T00:00:00,Retail,True
406,Chaaya Saha,chaaya406@example.com,7567043103,BR,2025-01-27T00:00:00,Retail,True
407,Eta Sunder,eta407@example.com,7492424375,DL,2025-08-06T00:00:00,Retail,True
408,Bhavani Shah,bhavani408@example.com,9284222231,DL,2024-10-25T00:00:00,Retail,True
409,Ridhi Lad,ridhi409@example.com,2380552578,UP,2024-09-10T00:00:00,Retail,True
410,Aryan Ravel,aryan410@example.com,2752088547,AS,2024-09-14T00:00:00,Retail,True
411,Hamsini Chowdhury,hamsini411@example.com,0281406937,HR,2025-08-15T00:00:00,Retail,True
412,Robert Vyas,robert412@example.com,4301871863,TG,2026-07-06T00:00:00,Retail,True
413,Jalsa Rao,jalsa413@example.com,6565045547,AS,2024-10-27T00:00:00,Retail,True
414,Ojasvi Savant,ojasvi414@example.com,2662991234,MP,2025-06-27T00:00:00,Retail,True
415,Keya Chakrabarti,keya415@example.com,6462879232,TN,2024-09-05T00:00:00,Retail,True
416,Brijesh Mittal,brijesh416@example.com,7873002447,MP,2026-03-08T00:00:00,Retail,True
417,Vyanjana Konda,vyanjana417@example.com,1471959796,AS,2025-03-17T00:00:00,Premium,True
418,Yauvani Badal,yauvani418@example.com,2902572520,OD,2025-03-02T00:00:00,Retail,True
419,Chanakya Mann,chanakya419@example.com,8183219285,AS,2025-02-02T00:00:00,SME,True
420,Gopal Warrior,gopal420@example.com,2028457652,KA,2026-07-09T00:00:00,Premium,True
421,Raghav Vora,raghav421@example.com,6711207545,HR,2026-08-06T00:00:00,Retail,True
422,Orinder Modi,orinder422@example.com,1322342321,KL,2025-01-18T00:00:00,Retail,True
423,Veda Sankar,veda423@example.com,3108907140,UP,2025-08-15T00:00:00,Retail,True
424,Jatin Jha,jatin424@example.com,2501249552,WB,2024-12-30T00:00:00,Retail,True
425,Hardik Atwal,hardik425@example.com,3428013875,HR,2026-02-28T00:00:00,Retail,True
426,Pratyush Pant,pratyush426@example.com,6383615171,TG,2026-04-28T00:00:00,SME,True
427,Bhavya Baria,bhavya427@example.com,5716479473,MP,2025-12-13T00:00:00,Retail,True
428,Ranbir Boase,ranbir428@example.com,5207167811,KA,2024-12-16T00:00:00,Premium,True
429,Om Bhattacharyya,om429@example.com,3539613674,AS,2025-11-30T00:00:00,Retail,True
430,Ishani Soni,ishani430@example.com,7842711477,UP,2024-12-20T00:00:00,Retail,True
431,Chatresh Bir,chatresh431@example.com,0269524991,DL,2024-12-15T00:00:00,Retail,True
432,Saksham Memon,saksham432@example.com,7848588006,UP,2025-07-06T00:00:00,Premium,True
433,Krisha Savant,krisha433@example.com,0028427624,KL,2024-10-29T00:00:00,Retail,True
434,Upma Soni,upma434@example.com,8064796954,RJ,2024-12-16T00:00:00,Retail,True
435,Kabir Peri,kabir435@example.com,9056165565,KA,2026-01-06T00:00:00,Retail,True
436,Devika Chad,devika436@example.com,4152085076,TG,2025-02-01T00:00:00,Retail,True
437,Anmol Singh,anmol437@example.com,5696591713,PB,2026-03-10T00:00:00,Retail,True
438,Ojas Mistry,ojas438@example.com,6371834404,KA,2024-09-25T00:00:00,Premium,True
439,Girish Nayar,girish439@example.com,1987635148,RJ,2026-06-07T00:00:00,Retail,True
440,Ryan Sachdeva,ryan440@example.com,4987820829,MH,2026-01-01T00:00:00,SME,True
441,Radha Bhasin,radha441@example.com,5723246651,KL,2025-12-17T00:00:00,Retail,True
442,Naveen Kunda,naveen442@example.com,6312303477,MP,2025-06-10T00:00:00,Retail,True
443,Saksham Dutta,saksham443@example.com,2044820700,UP,2025-11-03T00:00:00,Retail,True
444,Devansh Ray,devansh444@example.com,1623198189,PB,2026-04-23T00:00:00,Retail,True
445,Wazir Das,wazir445@example.com,5963632123,PB,2025-07-29T00:00:00,Premium,True
446,Daksh Swaminathan,daksh446@example.com,1586734257,HR,2026-01-19T00:00:00,Retail,True
447,Chatura Khatri,chatura447@example.com,8645183760,AS,2024-12-13T00:00:00,Retail,True
448,Warinder Mishra,warinder448@example.com,2756041776,TN,2024-09-30T00:00:00,Retail,True
449,Advika Toor,advika449@example.com,5698570027,BR,2025-04-21T00:00:00,Premium,True
450,Dalaja Murthy,dalaja450@example.com,1238296577,PB,2026-03-24T00:00:00,Retail,True
451,Baghyawati Issac,baghyawati451@example.com,6526693008,UP,2026-01-02T00:00:00,Premium,True
452,Rushil Lala,rushil452@example.com,0696942152,KL,2026-01-01T00:00:00,Retail,True
453,Sudiksha Talwar,sudiksha453@example.com,3334476263,AS,2025-04-13T00:00:00,Retail,True
454,Omya Gole,omya454@example.com,2044397359,DL,2025-05-25T00:00:00,Retail,True
455,Kiaan Naik,kiaan455@example.com,3669411800,OD,2025-05-29T00:00:00,Retail,True
456,Chakradev Ahluwalia,chakradev456@example.com,8964652809,BR,2024-12-25T00:00:00,SME,True
457,Harinakshi Sidhu,harinakshi457@example.com,1586241502,MP,2025-08-19T00:00:00,Retail,True
458,Barkha Lall,barkha458@example.com,8562572870,WB,2025-08-16T00:00:00,Retail,True
459,Qadim Banik,qadim459@example.com,4276170758,AS,2026-02-24T00:00:00,Retail,True
460,Manbir Dasgupta,manbir460@example.com,1342284993,TN,2024-12-19T00:00:00,Premium,True
461,Omaja Bose,omaja461@example.com,7150416591,PB,2026-03-04T00:00:00,Premium,True
462,Triveni Srinivasan,triveni462@example.com,4905097592,WB,2026-04-18T00:00:00,Retail,True
463,Christopher Bobal,christopher463@example.com,1642361032,DL,2024-09-18T00:00:00,Retail,True
464,Jai Misra,jai464@example.com,6492515837,OD,2026-01-23T00:00:00,Retail,True
465,Pallavi Chana,pallavi465@example.com,5926610857,TG,2025-07-11T00:00:00,Premium,True
466,Bina Sidhu,bina466@example.com,1742243864,MP,2026-05-03T00:00:00,Retail,True
467,Chakradev Varghese,chakradev467@example.com,8661794549,PB,2026-01-11T00:00:00,SME,True
468,Turvi Gola,turvi468@example.com,6016459779,KL,2025-12-09T00:00:00,SME,True
469,Qasim Brar,qasim469@example.com,1680061027,TN,2025-10-10T00:00:00,Retail,True
470,Chavvi Patel,chavvi470@example.com,4122031030,MH,2026-04-13T00:00:00,Retail,True
471,Rajata Yohannan,rajata471@example.com,1472760122,GJ,2024-10-01T00:00:00,Retail,True
472,Shivani Kibe,shivani472@example.com,4960501667,MP,2025-01-08T00:00:00,SME,True
473,Balhaar Sura,balhaar473@example.com,7899730806,TN,2025-02-21T00:00:00,Retail,True
474,Amrita Sahni,amrita474@example.com,1795760243,TG,2025-10-06T00:00:00,Retail,True
475,Yashica Kanda,yashica475@example.com,9724665729,OD,2024-10-12T00:00:00,Retail,True
476,Kai Ghose,kai476@example.com,2971674338,PB,2026-06-19T00:00:00,Retail,True
477,Ishanvi Dutt,ishanvi477@example.com,8015619318,UP,2025-11-23T00:00:00,Premium,True
478,Isha Batra,isha478@example.com,2891077119,HR,2026-07-03T00:00:00,SME,True
479,Yashica Cheema,yashica479@example.com,1352478712,RJ,2026-04-26T00:00:00,Retail,True
480,Saksham Sarna,saksham480@example.com,0375482145,RJ,2026-03-04T00:00:00,Retail,True
481,Oviya Kari,oviya481@example.com,6667850720,KL,2025-06-01T00:00:00,Retail,True
482,Divya Ratti,divya482@example.com,6060290846,OD,2025-06-30T00:00:00,Retail,True
483,Hemangini Anand,hemangini483@example.com,8926738997,RJ,2025-05-31T00:00:00,Retail,True
484,Frado Bansal,frado484@example.com,6288431884,MP,2025-09-18T00:00:00,SME,True
485,Ayaan Zacharia,ayaan485@example.com,3468105485,TG,2025-06-03T00:00:00,Retail,True
486,Chanchal Ahluwalia,chanchal486@example.com,5399893544,KA,2025-07-30T00:00:00,Premium,True
487,Henry Narang,henry487@example.com,5712661106,OD,2025-03-17T00:00:00,Retail,True
488,Faras Pingle,faras488@example.com,9886497677,RJ,2024-12-28T00:00:00,Retail,True
489,Vedhika Shankar,vedhika489@example.com,8813770285,GJ,2025-04-15T00:00:00,Retail,True
490,Jai Pingle,jai490@example.com,0821545447,GJ,2026-05-25T00:00:00,Retail,True
491,Chanakya Mody,chanakya491@example.com,3270185106,PB,2025-12-06T00:00:00,Retail,True
492,Geetika Purohit,geetika492@example.com,9228777251,MH,2026-02-24T00:00:00,Premium,True
493,Viraj Rana,viraj493@example.com,8074120948,OD,2025-12-11T00:00:00,Retail,True
494,Chatresh Vig,chatresh494@example.com,7801820433,KL,2025-07-04T00:00:00,Retail,True
495,Neelima Bath,neelima495@example.com,0562608564,KA,2026-06-08T00:00:00,Retail,True
496,Bhavika Dhawan,bhavika496@example.com,4124620952,DL,2025-02-05T00:00:00,Retail,True
497,Hardik Nagarajan,hardik497@example.com,6546103399,DL,2025-09-20T00:00:00,SME,True
498,Ishwar Luthra,ishwar498@example.com,5786170630,KL,2024-09-17T00:00:00,Retail,True
499,Yatin Dass,yatin499@example.com,9671832582,TN,2025-07-19T00:00:00,Retail,True
500,Benjamin Agarwal,benjamin500@example.com,9420074946,OD,2024-12-25T00:00:00,SME,True
501,Chakradev Edwin,chakradev501@example.com,4161284639,WB,2024-12-03T00:00:00,Retail,True
502,Sneha Mahajan,sneha502@example.com,5537950209,RJ,2025-02-16T00:00:00,Retail,True
503,Odika Suresh,odika503@example.com,8118071569,KL,2026-03-14T00:00:00,Retail,True
504,Jeet Shere,jeet504@example.com,3703045319,MP,2025-10-21T00:00:00,Retail,True
505,Janani Bansal,janani505@example.com,7930361498,TN,2025-02-15T00:00:00,Premium,True
506,Parth Bhattacharyya,parth506@example.com,1249384308,GJ,2024-08-16T00:00:00,Retail,True
507,Aarnav Sane,aarnav507@example.com,5664187758,RJ,2025-07-13T00:00:00,Retail,True
508,Osha Walia,osha508@example.com,5063519036,MH,2025-05-04T00:00:00,Retail,True
509,Forum Mukhopadhyay,forum509@example.com,1076095431,DL,2026-06-24T00:00:00,Retail,True
510,Gauri Venkatesh,gauri510@example.com,1997179110,MP,2026-07-13T00:00:00,Retail,True
511,Joshua Bhatia,joshua511@example.com,0496110804,KL,2026-07-17T00:00:00,Retail,True
512,Viraj Anne,viraj512@example.com,6769915078,KL,2025-08-21T00:00:00,Retail,True
513,Harshil Arora,harshil513@example.com,9392845679,TG,2025-12-12T00:00:00,Retail,True
514,Chaitanya Bhasin,chaitanya514@example.com,4968549822,HR,2025-10-09T00:00:00,Retail,True
515,Bishakha Pillay,bishakha515@example.com,8920388065,WB,2025-04-20T00:00:00,Retail,True
516,Harita Gulati,harita516@example.com,7959959465,KA,2026-01-30T00:00:00,Retail,True
517,Warhi Kanda,warhi517@example.com,3379337563,KA,2026-03-10T00:00:00,Retail,True
518,Advaith Borah,advaith518@example.com,0812473950,WB,2026-03-19T00:00:00,Retail,True
519,Owen Kanda,owen519@example.com,2583230241,AS,2024-12-07T00:00:00,Retail,True
520,Hamsini Kade,hamsini520@example.com,7355289611,OD,2024-11-11T00:00:00,SME,True
521,Kritika Prasad,kritika521@example.com,9630993842,DL,2025-11-17T00:00:00,Retail,True
522,Jonathan Trivedi,jonathan522@example.com,3179128685,DL,2026-03-05T00:00:00,Retail,True
523,Ekanta Prakash,ekanta523@example.com,7749690333,MH,2025-09-19T00:00:00,Retail,False
524,Damini Sandal,damini524@example.com,9254812147,WB,2026-03-25T00:00:00,Retail,True
525,Udyati Vala,udyati525@example.com,6776657546,KA,2026-02-15T00:00:00,Premium,True
526,Alka Borra,alka526@example.com,1488814311,KA,2025-12-06T00:00:00,Retail,True
527,Gauri Hegde,gauri527@example.com,4443928404,TG,2026-05-28T00:00:00,Premium,True
528,Advik Sodhi,advik528@example.com,6333738987,BR,2025-08-28T00:00:00,Premium,True
529,Raghav Sanghvi,raghav529@example.com,3778052924,MP,2025-08-29T00:00:00,Retail,True
530,Umang Saini,umang530@example.com,6845909022,TG,2026-06-10T00:00:00,SME,True
531,Lakshmi Jayaraman,lakshmi531@example.com,1863715974,MP,2026-02-02T00:00:00,Retail,True
532,Azad Suresh,azad532@example.com,2316433481,MH,2024-09-02T00:00:00,Premium,True
533,Onveer Narain,onveer533@example.com,6212867163,BR,2026-02-05T00:00:00,Retail,True
534,Vaishnavi Dutt,vaishnavi534@example.com,9387430271,AS,2025-07-30T00:00:00,Retail,True
535,Vritti Sharma,vritti535@example.com,9014754692,TN,2024-09-11T00:00:00,SME,True
536,Tanvi Rajagopalan,tanvi536@example.com,9160324841,MH,2025-04-13T00:00:00,Retail,True
537,Jyoti Bose,jyoti537@example.com,8567243807,DL,2025-11-10T00:00:00,Retail,True
538,Hemal Rastogi,hemal538@example.com,6004125777,DL,2025-04-17T00:00:00,Retail,True
539,Raksha Dey,raksha539@example.com,4220912418,GJ,2026-02-13T00:00:00,Retail,True
540,Anjali Dube,anjali540@example.com,5230837081,DL,2024-12-31T00:00:00,Retail,True
541,Aayush Bava,aayush541@example.com,3353310600,PB,2026-03-24T00:00:00,Retail,True
542,Gopal Ganesh,gopal542@example.com,0681558393,PB,2025-04-09T00:00:00,Retail,True
543,Vincent Kala,vincent543@example.com,5520650637,GJ,2025-10-07T00:00:00,Retail,True
544,Caleb Bhavsar,caleb544@example.com,6497189241,UP,2026-05-13T00:00:00,Retail,True
545,Gaurangi Gill,gaurangi545@example.com,7150997683,DL,2025-07-28T00:00:00,Premium,True
546,Ansh Dash,ansh546@example.com,3639102574,PB,2026-07-24T00:00:00,Retail,True
547,Baljiwan Khanna,baljiwan547@example.com,5245086403,MP,2025-02-14T00:00:00,SME,True
548,Chatura Kothari,chatura548@example.com,9685270171,GJ,2025-06-13T00:00:00,SME,True
549,Jeremiah Chand,jeremiah549@example.com,9833816742,AS,2024-10-08T00:00:00,Retail,True
550,Yuvraj Mitter,yuvraj550@example.com,9734715662,TG,2025-09-11T00:00:00,Retail,True
551,Nachiket Subramaniam,nachiket551@example.com,6614982824,KA,2025-11-13T00:00:00,SME,True
552,Bhanumati Prashad,bhanumati552@example.com,1527323008,WB,2024-10-01T00:00:00,Retail,True
553,Megha Prakash,megha553@example.com,7491601692,DL,2024-10-23T00:00:00,Retail,True
554,Yashodhara Suresh,yashodhara554@example.com,0663370502,WB,2025-12-13T00:00:00,Retail,True
555,Aachal Kota,aachal555@example.com,0116691836,KL,2024-08-25T00:00:00,Retail,True
556,Xiti Walia,xiti556@example.com,9461195243,TN,2025-12-13T00:00:00,Premium,True
557,Vyanjana Agarwal,vyanjana557@example.com,1686462252,WB,2025-09-20T00:00:00,Premium,True
558,Yadavi Choudhary,yadavi558@example.com,9323023467,KL,2025-09-03T00:00:00,Retail,True
559,Chaaya Chada,chaaya559@example.com,1415093771,KL,2025-05-04T00:00:00,Retail,True
560,Benjamin Chatterjee,benjamin560@example.com,8069847759,AS,2024-11-18T00:00:00,SME,True
561,Divya Khatri,divya561@example.com,6690551076,PB,2025-03-06T00:00:00,Retail,True
562,Ati Kothari,ati562@example.com,7978630505,GJ,2025-01-06T00:00:00,Retail,True
563,Vedhika Ratta,vedhika563@example.com,5671649328,BR,2025-06-08T00:00:00,Retail,True
564,Widisha Chahal,widisha564@example.com,8727178333,MP,2026-03-16T00:00:00,SME,True
565,Ayush Dyal,ayush565@example.com,6434712871,PB,2025-04-30T00:00:00,SME,True
566,Hemal Purohit,hemal566@example.com,8633414111,OD,2025-11-24T00:00:00,Retail,True
567,Jhalak Datta,jhalak567@example.com,6904098366,UP,2024-12-31T00:00:00,Retail,True
568,Hredhaan Rana,hredhaan568@example.com,8752437729,DL,2026-01-28T00:00:00,Retail,True
569,Dayamai Thakkar,dayamai569@example.com,4973746052,DL,2024-08-16T00:00:00,Retail,True
570,Vinaya Ramanathan,vinaya570@example.com,2086567566,GJ,2024-10-18T00:00:00,Retail,False
571,Robert Ramesh,robert571@example.com,2590472927,AS,2025-08-27T00:00:00,Retail,True
572,Tejas Hayre,tejas572@example.com,5912662015,OD,2026-06-16T00:00:00,Retail,False
573,Yutika Nigam,yutika573@example.com,2630136749,BR,2024-08-22T00:00:00,Retail,True
574,Lavanya Maharaj,lavanya574@example.com,5011117830,KL,2024-08-27T00:00:00,Retail,True
575,Anusha Chandra,anusha575@example.com,6764921518,BR,2025-02-09T00:00:00,Retail,True
576,Vrinda Bhatt,vrinda576@example.com,3129208751,TG,2025-04-13T00:00:00,Retail,True
577,Neel Chahal,neel577@example.com,0118458260,HR,2025-05-10T00:00:00,SME,True
578,Sai Dey,sai578@example.com,5859883103,MP,2025-11-23T00:00:00,Retail,True
579,Tanveer Desai,tanveer579@example.com,9542961844,GJ,2025-06-13T00:00:00,Retail,True
580,Fiyaz Kumar,fiyaz580@example.com,2831435989,DL,2024-11-13T00:00:00,Retail,True
581,Radha Raghavan,radha581@example.com,9314181861,OD,2024-10-06T00:00:00,Retail,True
582,Anjali Dhingra,anjali582@example.com,4016361128,KA,2026-01-03T00:00:00,SME,True
583,Ikshita Manda,ikshita583@example.com,9102562588,PB,2026-03-12T00:00:00,Premium,True
584,Aashi Andra,aashi584@example.com,2269405396,DL,2025-04-02T00:00:00,Retail,True
585,Upadhriti Thakkar,upadhriti585@example.com,4683414651,OD,2025-05-14T00:00:00,Retail,True
586,Noah Bhandari,noah586@example.com,4870682778,RJ,2026-02-17T00:00:00,Retail,False
587,Ranveer Amble,ranveer587@example.com,8538909728,PB,2024-08-26T00:00:00,Premium,True
588,Kiaan Varkey,kiaan588@example.com,0676251538,MP,2024-10-27T00:00:00,Retail,True
589,Chaaya Lanka,chaaya589@example.com,0963480797,MP,2026-07-04T00:00:00,SME,True
590,Falguni Misra,falguni590@example.com,1052650167,TG,2026-07-16T00:00:00,Retail,True
591,Nirja Dasgupta,nirja591@example.com,0243765456,HR,2024-10-03T00:00:00,Retail,True
592,Reva Sarna,reva592@example.com,2560531340,KA,2025-07-24T00:00:00,Retail,True
593,Azad Dyal,azad593@example.com,7416787256,MP,2025-07-10T00:00:00,Retail,True
594,Hritik Bail,hritik594@example.com,2580305690,AS,2025-12-25T00:00:00,Retail,True
595,Vedika Butala,vedika595@example.com,3928234143,MP,2025-10-26T00:00:00,Retail,True
596,Yadavi Golla,yadavi596@example.com,9231260432,MP,2024-11-05T00:00:00,SME,True
597,Gavin Behl,gavin597@example.com,6843356708,GJ,2026-08-10T00:00:00,Retail,True
598,Amruta Patla,amruta598@example.com,5635020005,MP,2026-08-08T00:00:00,SME,True
599,Harrison Sankar,harrison599@example.com,4755411082,MP,2025-06-30T00:00:00,Retail,True
600,Wazir Majumdar,wazir600@example.com,9611291093,KL,2025-11-08T00:00:00,Retail,True
601,Hemal Mitra,hemal601@example.com,3820236848,TG,2024-11-07T00:00:00,Retail,True
602,Rajata Bir,rajata602@example.com,6880294240,BR,2024-11-23T00:00:00,Retail,True
603,Warda Walia,warda603@example.com,2786866943,KA,2026-04-13T00:00:00,Retail,True
604,Aditya Varghese,aditya604@example.com,8844344812,MP,2024-08-22T00:00:00,Retail,True
605,Bishakha Baral,bishakha605@example.com,4240338105,KA,2026-03-05T00:00:00,Premium,True
606,Aishani Deol,aishani606@example.com,9450053424,UP,2026-07-12T00:00:00,Retail,True
607,Lavanya Kurian,lavanya607@example.com,7354396273,KL,2025-05-11T00:00:00,Retail,True
608,Girik Tandon,girik608@example.com,7223972404,BR,2025-05-19T00:00:00,Retail,True
609,Ekaraj Dhar,ekaraj609@example.com,6376182091,KA,2025-08-14T00:00:00,Retail,True
610,Agastya Bassi,agastya610@example.com,3142900185,OD,2026-04-10T00:00:00,Retail,True
611,Sachi Gade,sachi611@example.com,5723084810,TG,2025-06-17T00:00:00,Retail,True
612,Harshil Vaidya,harshil612@example.com,2030366254,MP,2025-07-13T00:00:00,Retail,True
613,Omkaar Choudhary,omkaar613@example.com,1451951510,TG,2025-06-13T00:00:00,Retail,True
614,Gaurika Golla,gaurika614@example.com,2494514754,WB,2025-12-13T00:00:00,Retail,True
615,Ekaja Divan,ekaja615@example.com,7711964215,PB,2025-06-04T00:00:00,Retail,True
616,Eiravati Talwar,eiravati616@example.com,7695236687,GJ,2025-07-09T00:00:00,Retail,True
617,Leena Chacko,leena617@example.com,8931350305,MP,2025-08-18T00:00:00,Retail,True
618,Darpan Palla,darpan618@example.com,2472863330,UP,2026-07-09T00:00:00,SME,False
619,Atharv Samra,atharv619@example.com,0191792025,AS,2026-08-05T00:00:00,Retail,True
620,Advik Saha,advik620@example.com,2728476570,KA,2025-10-02T00:00:00,Retail,True
621,Azad Ghose,azad621@example.com,0667849843,KL,2025-04-14T00:00:00,Retail,True
622,Krishna Dass,krishna622@example.com,6903628917,BR,2025-08-31T00:00:00,Retail,True
623,Nitesh Bhagat,nitesh623@example.com,6341115950,OD,2026-03-29T00:00:00,Retail,True
624,Dhruv Kakar,dhruv624@example.com,4383034199,BR,2026-02-17T00:00:00,Retail,True
625,Chanakya Murty,chanakya625@example.com,4054683565,KA,2024-11-29T00:00:00,SME,True
626,Yahvi Chaudhuri,yahvi626@example.com,0967904227,HR,2025-01-27T00:00:00,Retail,False
627,Lohit Dyal,lohit627@example.com,7254596063,MP,2025-07-15T00:00:00,Premium,True
628,Michael Tank,michael628@example.com,0248171752,MH,2024-11-18T00:00:00,Retail,True
629,Januja Pandit,januja629@example.com,1274747219,GJ,2025-11-09T00:00:00,Retail,True
630,Nandini Rege,nandini630@example.com,7589551687,TG,2025-07-29T00:00:00,Premium,True
631,Yash Anand,yash631@example.com,1462961367,KL,2025-10-09T00:00:00,Premium,True
632,Udyati Chopra,udyati632@example.com,2166365155,TG,2025-08-01T00:00:00,Retail,True
633,Ishwar Mallick,ishwar633@example.com,0827235909,WB,2026-01-25T00:00:00,Retail,True
634,Urvashi Kala,urvashi634@example.com,3064421214,AS,2026-07-24T00:00:00,Retail,True
635,Oni Vohra,oni635@example.com,4201654235,DL,2026-08-07T00:00:00,Retail,True
636,Rajeshri Pant,rajeshri636@example.com,0893199255,TN,2026-07-04T00:00:00,SME,True
637,Xalak Nadig,xalak637@example.com,6480727910,GJ,2026-01-20T00:00:00,Retail,True
638,Krishna Kalita,krishna638@example.com,3390550448,BR,2025-11-26T00:00:00,Retail,True
639,Nirja Pandey,nirja639@example.com,8685127652,UP,2025-02-16T00:00:00,Retail,True
640,Lakshmi Mane,lakshmi640@example.com,4911110961,MH,2026-04-30T00:00:00,SME,True
641,Sachi Thakur,sachi641@example.com,4633786137,BR,2025-09-12T00:00:00,Retail,True
642,Meghana Amble,meghana642@example.com,3844446306,RJ,2026-07-31T00:00:00,SME,True
643,Kavya Venkataraman,kavya643@example.com,5296386396,TN,2026-02-10T00:00:00,Retail,True
644,Madhavi Ghose,madhavi644@example.com,5826312819,AS,2024-12-04T00:00:00,Retail,True
645,Ekantika Jani,ekantika645@example.com,1060920981,PB,2026-04-13T00:00:00,Retail,True
646,Sudiksha Parmar,sudiksha646@example.com,3343836404,TN,2025-08-01T00:00:00,Retail,True
647,Indrajit Sharaf,indrajit647@example.com,1244211753,UP,2026-06-30T00:00:00,Retail,True
648,Odika Borah,odika648@example.com,1366572240,KA,2026-06-29T00:00:00,Retail,True
649,Jacob Oza,jacob649@example.com,7998028413,KL,2024-12-07T00:00:00,Retail,True
650,Zarna Vala,zarna650@example.com,3513052312,MP,2025-10-12T00:00:00,Retail,True
651,George Pall,george651@example.com,7768634234,BR,2025-02-16T00:00:00,Retail,True
652,Noah Jha,noah652@example.com,6769459196,UP,2026-03-01T00:00:00,Retail,True
653,Kashvi Bhatt,kashvi653@example.com,2084964985,UP,2025-06-28T00:00:00,SME,True
654,Ekantika Sanghvi,ekantika654@example.com,5313552510,HR,2024-08-19T00:00:00,Retail,True
655,Udyati Nagy,udyati655@example.com,8164938318,MP,2026-03-08T00:00:00,Retail,True
656,Radhika Nadkarni,radhika656@example.com,3307704611,OD,2025-10-09T00:00:00,Retail,True
657,Leela Khalsa,leela657@example.com,4090742608,UP,2024-11-02T00:00:00,Retail,True
658,Ekaraj Singhal,ekaraj658@example.com,6445561857,GJ,2025-06-05T00:00:00,Retail,True
659,Suhani Tak,suhani659@example.com,5910300215,KL,2025-01-29T00:00:00,SME,True
660,Rayaan Pillay,rayaan660@example.com,0401041459,OD,2026-02-23T00:00:00,Retail,True
661,Triveni Dar,triveni661@example.com,5296718839,RJ,2026-02-17T00:00:00,SME,True
662,Vasudha Kara,vasudha662@example.com,4415833117,DL,2025-11-04T00:00:00,Retail,True
663,Upadhriti Rajan,upadhriti663@example.com,7153988547,TN,2026-06-10T00:00:00,SME,True
664,Theodore Patla,theodore664@example.com,7983631462,DL,2025-11-13T00:00:00,Retail,True
665,Triya Chhabra,triya665@example.com,3072407875,KA,2025-11-02T00:00:00,SME,True
666,Irya Sankar,irya666@example.com,2686850745,GJ,2025-03-12T00:00:00,SME,True
667,Rishi Menon,rishi667@example.com,6294897861,HR,2026-08-07T00:00:00,Retail,True
668,Ishwar Bera,ishwar668@example.com,9431814396,TG,2025-03-09T00:00:00,SME,True
669,Amrita Tandon,amrita669@example.com,2354940128,HR,2026-02-06T00:00:00,Retail,True
670,Onkar Murty,onkar670@example.com,2257207650,PB,2026-07-31T00:00:00,Retail,True
671,Aditya Pandey,aditya671@example.com,9073710094,TN,2024-12-26T00:00:00,Premium,True
672,Manan Chandra,manan672@example.com,4577584745,DL,2025-05-20T00:00:00,SME,True
673,Gauri Vasa,gauri673@example.com,1480263257,TG,2025-04-22T00:00:00,Retail,True
674,Jagvi Jhaveri,jagvi674@example.com,3614878245,GJ,2026-07-03T00:00:00,Retail,True
675,Anya More,anya675@example.com,0985916795,RJ,2026-05-14T00:00:00,Retail,True
676,Manan Shukla,manan676@example.com,8498247414,KA,2025-09-26T00:00:00,Retail,True
677,Barkha Dasgupta,barkha677@example.com,7406500425,HR,2025-11-18T00:00:00,Premium,True
678,Gabriel Madan,gabriel678@example.com,3691430753,MH,2024-11-13T00:00:00,Retail,True
679,Advika Mittal,advika679@example.com,2965923426,HR,2024-10-13T00:00:00,SME,True
680,Frederick Mishra,frederick680@example.com,8266128758,BR,2025-03-14T00:00:00,Retail,True
681,Unnati Salvi,unnati681@example.com,7080612943,KL,2025-07-21T00:00:00,Retail,True
682,Chaaya Bera,chaaya682@example.com,2607870104,OD,2025-07-27T00:00:00,SME,True
683,Bina Subramaniam,bina683@example.com,0198038287,DL,2024-11-19T00:00:00,Retail,True
684,Deepa Ahuja,deepa684@example.com,9311029181,MH,2024-12-15T00:00:00,Premium,True
685,Aryan Tiwari,aryan685@example.com,6014672384,AS,2024-08-10T00:00:00,Premium,True
686,Rachana Dhingra,rachana686@example.com,2232883774,TG,2026-06-06T00:00:00,Retail,True
687,Jhalak Maharaj,jhalak687@example.com,6176620471,RJ,2024-11-13T00:00:00,Retail,True
688,Bahadurjit Saxena,bahadurjit688@example.com,5277402588,HR,2026-06-21T00:00:00,Premium,True
689,Yochana Bhatnagar,yochana689@example.com,2595724461,MP,2026-05-12T00:00:00,Retail,True
690,Yashica Vora,yashica690@example.com,2599599610,GJ,2025-10-23T00:00:00,Retail,True
691,Hitesh Tata,hitesh691@example.com,5331266109,MH,2025-03-16T00:00:00,Retail,True
692,Riya Prasad,riya692@example.com,2517629833,GJ,2026-01-23T00:00:00,Retail,False
693,Umang Jaggi,umang693@example.com,6831901302,PB,2024-12-11T00:00:00,Premium,True
694,Harini Goyal,harini694@example.com,3397855982,TG,2025-12-12T00:00:00,Retail,True
695,Ekavir Brar,ekavir695@example.com,8411730985,TN,2024-11-23T00:00:00,Retail,True
696,Madhavi Parmar,madhavi696@example.com,2418938984,TG,2025-09-05T00:00:00,SME,True
697,Urishilla Lall,urishilla697@example.com,0564350238,TG,2026-05-28T00:00:00,Premium,True
698,Elijah Banik,elijah698@example.com,1699187240,MH,2026-04-26T00:00:00,Retail,True
699,Inaya Sankar,inaya699@example.com,4300038960,WB,2026-05-15T00:00:00,Retail,True
700,Krishna Dass,krishna700@example.com,6821719553,AS,2025-03-20T00:00:00,Retail,True
701,Vincent Chanda,vincent701@example.com,3689003010,TN,2026-04-05T00:00:00,Retail,True
702,Caleb Murthy,caleb702@example.com,9342967111,BR,2025-06-28T00:00:00,SME,True
703,Ishanvi Kannan,ishanvi703@example.com,4584384588,KA,2025-04-21T00:00:00,Retail,True
704,Vedika Mammen,vedika704@example.com,3283483152,KL,2026-07-18T00:00:00,Retail,True
705,Ishaan Bail,ishaan705@example.com,0449641049,KL,2025-03-08T00:00:00,Retail,True
706,Leena Sawhney,leena706@example.com,3362680408,MP,2025-06-08T00:00:00,Retail,True
707,Adweta Kalita,adweta707@example.com,5966018648,GJ,2025-12-29T00:00:00,Retail,True
708,Nicholas Raj,nicholas708@example.com,3204413845,KA,2026-02-01T00:00:00,SME,False
709,Janaki Luthra,janaki709@example.com,9014954277,HR,2025-06-30T00:00:00,Retail,True
710,Balhaar Parmer,balhaar710@example.com,8360914985,BR,2025-08-19T00:00:00,Retail,True
711,Anya Lad,anya711@example.com,2322903102,OD,2024-10-23T00:00:00,Retail,True
712,Benjamin Kari,benjamin712@example.com,4405809351,RJ,2025-03-18T00:00:00,Retail,True
713,Yasti Brahmbhatt,yasti713@example.com,3595616420,MP,2026-01-10T00:00:00,Retail,True
714,Nikita Prasad,nikita714@example.com,4902504290,BR,2025-10-17T00:00:00,Retail,True
715,Yasti Trivedi,yasti715@example.com,3690261139,TG,2025-05-21T00:00:00,Retail,True
716,Jairaj Wable,jairaj716@example.com,9788754394,WB,2025-01-16T00:00:00,Retail,True
717,Vihaan Shah,vihaan717@example.com,1376515881,KA,2025-06-23T00:00:00,Retail,True
718,Saumya Sahota,saumya718@example.com,9283692944,GJ,2024-10-08T00:00:00,Retail,True
719,Nilima Sama,nilima719@example.com,9732702164,TN,2025-11-17T00:00:00,Retail,True
720,Bahadurjit Sankar,bahadurjit720@example.com,2128866526,UP,2024-12-10T00:00:00,Retail,True
721,Gayathri Nayar,gayathri721@example.com,0157676472,MH,2025-01-24T00:00:00,Retail,True
722,Max Amble,max722@example.com,7657289413,RJ,2025-01-27T00:00:00,Retail,True
723,Zarna Vohra,zarna723@example.com,4565220368,RJ,2024-12-08T00:00:00,SME,False
724,Hardik Palan,hardik724@example.com,2144773244,BR,2025-05-15T00:00:00,Retail,True
725,Lohit Char,lohit725@example.com,8820908830,KA,2025-12-31T00:00:00,Retail,True
726,Baghyawati Sandhu,baghyawati726@example.com,8274117674,OD,2026-03-13T00:00:00,Retail,True
727,Irya Brar,irya727@example.com,1528547815,TN,2026-03-20T00:00:00,Retail,True
728,Ranveer Banik,ranveer728@example.com,3296334727,MH,2024-09-24T00:00:00,SME,False
729,Rushil Chakrabarti,rushil729@example.com,0617893206,DL,2025-12-06T00:00:00,Retail,True
730,Ikshita Sule,ikshita730@example.com,4347769587,UP,2024-09-15T00:00:00,Retail,True
731,Bhavna Saini,bhavna731@example.com,5361275156,BR,2025-03-27T00:00:00,Retail,True
732,Wahab Balakrishnan,wahab732@example.com,4836085456,PB,2025-05-14T00:00:00,SME,True
733,Abha Bhagat,abha733@example.com,7350476392,TN,2026-01-06T00:00:00,Retail,True
734,Kai Zacharia,kai734@example.com,0615581083,GJ,2026-01-20T00:00:00,Premium,True
735,Meghana Karnik,meghana735@example.com,2556383000,KA,2025-11-29T00:00:00,SME,True
736,Vedhika Basak,vedhika736@example.com,4403304166,KL,2025-07-11T00:00:00,Retail,True
737,Ethan Thaman,ethan737@example.com,0089219639,HR,2025-03-03T00:00:00,Retail,True
738,Chasmum Mahal,chasmum738@example.com,3149764613,GJ,2025-11-28T00:00:00,Retail,True
739,Bhavani Walla,bhavani739@example.com,6076581739,WB,2026-02-20T00:00:00,SME,True
740,Kala Sood,kala740@example.com,4521182379,MH,2025-10-03T00:00:00,Retail,True
741,Urvashi Virk,urvashi741@example.com,0746452059,MH,2025-07-19T00:00:00,Retail,True
742,Shaurya Suresh,shaurya742@example.com,5357788116,KL,2024-11-24T00:00:00,Retail,True
743,Neel Venkatesh,neel743@example.com,2371067287,BR,2025-12-26T00:00:00,Premium,True
744,Aditya Minhas,aditya744@example.com,6448595922,TG,2026-08-08T00:00:00,Retail,False
745,Zilmil Krishnamurthy,zilmil745@example.com,7352287056,GJ,2026-01-24T00:00:00,Retail,True
746,Abdul Muni,abdul746@example.com,3187510979,AS,2024-11-04T00:00:00,Retail,True
747,Hemani Atwal,hemani747@example.com,4469459648,MP,2024-10-25T00:00:00,Retail,True
748,Harshil Kalita,harshil748@example.com,2491289659,TG,2025-04-09T00:00:00,Retail,True
749,Shaurya Ganguly,shaurya749@example.com,3319222705,MP,2026-07-28T00:00:00,SME,True
750,Pavani Sodhi,pavani750@example.com,4813866675,AS,2025-05-15T00:00:00,Retail,True
751,Tanish Ganesan,tanish751@example.com,2687741865,TG,2026-03-31T00:00:00,Retail,True
752,Hiral Samra,hiral752@example.com,9836520375,AS,2025-11-30T00:00:00,Retail,True
753,Falguni Chandra,falguni753@example.com,4809404760,HR,2025-03-10T00:00:00,Retail,True
754,Urishilla Sha,urishilla754@example.com,2781050922,TN,2024-11-10T00:00:00,Retail,True
755,Daksh Sawhney,daksh755@example.com,5184390552,DL,2025-03-18T00:00:00,SME,True
756,Neha Saha,neha756@example.com,1382412704,KA,2026-08-08T00:00:00,Retail,True
757,Oscar Aggarwal,oscar757@example.com,4851579197,DL,2026-07-04T00:00:00,Retail,True
758,Gabriel Grewal,gabriel758@example.com,9020357134,UP,2024-09-10T00:00:00,Premium,True
759,Ladli Mangat,ladli759@example.com,4295633432,GJ,2024-11-14T00:00:00,Retail,True
760,George Suri,george760@example.com,9558720962,TG,2024-12-12T00:00:00,Retail,True
761,Idika Mani,idika761@example.com,5884183437,GJ,2024-12-21T00:00:00,Retail,True
762,Vaishnavi Dey,vaishnavi762@example.com,9559690515,KA,2026-03-29T00:00:00,Retail,True
763,Gaurika Nayar,gaurika763@example.com,2542782079,KA,2024-09-01T00:00:00,Premium,True
764,Mohini Solanki,mohini764@example.com,4595764038,AS,2024-12-19T00:00:00,Retail,True
765,Nandini Balakrishnan,nandini765@example.com,8249839225,PB,2024-12-13T00:00:00,Retail,True
766,Hiral Shanker,hiral766@example.com,2702324412,UP,2026-03-20T00:00:00,Retail,True
767,Yash Dube,yash767@example.com,0725178637,OD,2024-09-09T00:00:00,Retail,True
768,Lila Dave,lila768@example.com,2654696815,HR,2025-03-17T00:00:00,Premium,True
769,Pranav Keer,pranav769@example.com,5580996132,AS,2025-01-09T00:00:00,Retail,True
770,Chasmum Saran,chasmum770@example.com,5626244670,GJ,2026-06-03T00:00:00,Retail,True
771,Mitali Varughese,mitali771@example.com,7151602529,OD,2024-10-11T00:00:00,Retail,True
772,Vedika Ratti,vedika772@example.com,0464197857,BR,2025-03-02T00:00:00,Retail,True
773,Praneel Samra,praneel773@example.com,1205943897,GJ,2026-05-17T00:00:00,Premium,True
774,Balveer Dara,balveer774@example.com,7509546540,MH,2025-09-05T00:00:00,SME,True
775,Ishanvi Sahni,ishanvi775@example.com,7540915086,OD,2025-07-28T00:00:00,Premium,True
776,Jonathan Dhillon,jonathan776@example.com,6457938970,MP,2025-05-13T00:00:00,Retail,True
777,Manan Chaudhuri,manan777@example.com,8154660241,GJ,2024-09-09T00:00:00,SME,True
778,Chavvi Varkey,chavvi778@example.com,0597364248,DL,2025-12-06T00:00:00,Retail,True
779,Bhavani Mahajan,bhavani779@example.com,6306244795,GJ,2025-01-20T00:00:00,Retail,True
780,Ekta Kant,ekta780@example.com,9497969586,RJ,2026-02-07T00:00:00,SME,True
781,Harini Nagarajan,harini781@example.com,7277382646,DL,2025-03-22T00:00:00,Retail,True
782,Hemani Chacko,hemani782@example.com,8544577029,MP,2025-08-08T00:00:00,Premium,True
783,Raagini Sagar,raagini783@example.com,4873682691,UP,2025-02-06T00:00:00,Retail,True
784,Indrajit Mann,indrajit784@example.com,2686536945,HR,2026-04-07T00:00:00,Retail,True
785,Umang Raval,umang785@example.com,7472264085,TG,2026-03-09T00:00:00,Premium,True
786,Omya Sahota,omya786@example.com,3093299819,OD,2026-02-16T00:00:00,Retail,True
787,Zaid Ganesan,zaid787@example.com,1509688327,KA,2024-10-06T00:00:00,Retail,True
788,Ryan Naidu,ryan788@example.com,4103977397,OD,2024-08-10T00:00:00,Retail,True
789,Garima Dutta,garima789@example.com,7100687616,TG,2025-07-24T00:00:00,Retail,True
790,Reva Srivastava,reva790@example.com,4605687611,PB,2024-10-09T00:00:00,Retail,True
791,Omkaar Peri,omkaar791@example.com,5237341517,TG,2024-12-01T00:00:00,SME,True
792,Chakrika Saxena,chakrika792@example.com,7494902284,KA,2025-08-27T00:00:00,Retail,True
793,Bishakha Mohanty,bishakha793@example.com,9477422294,TN,2025-07-20T00:00:00,Retail,True
794,Siddharth Mitter,siddharth794@example.com,9045886792,UP,2025-10-31T00:00:00,SME,True
795,Kavya Radhakrishnan,kavya795@example.com,2872760153,PB,2025-02-04T00:00:00,Retail,True
796,Arunima Dar,arunima796@example.com,5779083350,HR,2025-03-26T00:00:00,Retail,True
797,Anika Warrior,anika797@example.com,0798334233,MP,2025-06-20T00:00:00,Retail,True
798,Arunima Chand,arunima798@example.com,1284033399,UP,2024-08-11T00:00:00,Premium,True
799,Eiravati Bora,eiravati799@example.com,7171731893,MP,2026-03-14T00:00:00,Retail,True
800,Qushi Choudhury,qushi800@example.com,3997046947,GJ,2026-05-26T00:00:00,Retail,True
801,Yoshita Mander,yoshita801@example.com,4835488471,TG,2025-07-15T00:00:00,Retail,True
802,Yashodhara Singhal,yashodhara802@example.com,2216417582,PB,2025-01-28T00:00:00,Retail,True
803,Damyanti Thaker,damyanti803@example.com,5871493925,PB,2025-11-10T00:00:00,Retail,True
804,Nakul Dugar,nakul804@example.com,8796434745,KA,2025-08-03T00:00:00,Retail,True
805,Divya Sengupta,divya805@example.com,6966060652,MH,2024-09-28T00:00:00,Retail,True
806,Sathvik Kunda,sathvik806@example.com,5056658833,UP,2025-10-07T00:00:00,Retail,True
807,Hredhaan Borde,hredhaan807@example.com,2579706734,MP,2024-11-21T00:00:00,SME,True
808,Harrison Bhalla,harrison808@example.com,4857417215,GJ,2025-01-23T00:00:00,Retail,True
809,Ryan Chakrabarti,ryan809@example.com,3598488402,DL,2025-06-07T00:00:00,Retail,True
810,Tanish Gour,tanish810@example.com,7375534490,TN,2024-10-24T00:00:00,Retail,True
811,Meghana Sur,meghana811@example.com,8085096085,UP,2024-10-25T00:00:00,Retail,True
812,Ekalinga Borra,ekalinga812@example.com,8182819793,KA,2025-07-22T00:00:00,Retail,True
813,Siya Doshi,siya813@example.com,1295786069,OD,2026-08-01T00:00:00,Retail,True
814,Anirudh Anand,anirudh814@example.com,5624395873,UP,2026-04-23T00:00:00,SME,True
815,Ranbir Divan,ranbir815@example.com,4210890285,TN,2025-07-15T00:00:00,Retail,True
816,Sathvik Jaggi,sathvik816@example.com,2643350271,RJ,2026-06-17T00:00:00,Retail,True
817,Lajita Bawa,lajita817@example.com,7633691128,DL,2025-09-16T00:00:00,Retail,True
818,Shaurya Dara,shaurya818@example.com,9556331857,TG,2024-10-04T00:00:00,Retail,True
819,Amol Amble,amol819@example.com,6615541643,KL,2026-06-18T00:00:00,Retail,True
820,Anvi Naik,anvi820@example.com,2329028227,TN,2024-09-05T00:00:00,Retail,True
821,Chaaya Prabhu,chaaya821@example.com,2622822512,KA,2025-12-07T00:00:00,SME,True
822,Netra Prakash,netra822@example.com,9500507026,MP,2025-12-05T00:00:00,Retail,True
823,Nakul Chaudhry,nakul823@example.com,5316117768,KA,2026-05-29T00:00:00,Retail,True
824,Deepa Soni,deepa824@example.com,4258591779,MP,2025-08-23T00:00:00,Retail,False
825,Luke Kar,luke825@example.com,1649133424,AS,2025-11-29T00:00:00,Retail,True
826,Karan Narang,karan826@example.com,5290603202,DL,2025-01-11T00:00:00,SME,True
827,Ekantika Apte,ekantika827@example.com,7539673794,KA,2026-06-25T00:00:00,Retail,True
828,Yoshita Nazareth,yoshita828@example.com,2457871584,GJ,2026-02-27T00:00:00,Retail,True
829,Jonathan Chandra,jonathan829@example.com,7118425476,BR,2026-02-09T00:00:00,Retail,True
830,Mitali Vaidya,mitali830@example.com,2303589298,GJ,2025-12-10T00:00:00,Retail,True
831,Victor Wali,victor831@example.com,5212932896,DL,2026-01-06T00:00:00,Retail,True
832,Chaman Ramakrishnan,chaman832@example.com,7752401484,TG,2024-12-11T00:00:00,Premium,True
833,Daniel Roy,daniel833@example.com,2723626693,UP,2025-03-14T00:00:00,SME,True
834,Anya Dey,anya834@example.com,1923724501,BR,2024-10-29T00:00:00,Premium,True
835,Urishilla Kata,urishilla835@example.com,4189721540,TG,2026-04-11T00:00:00,Retail,True
836,Pooja Ganguly,pooja836@example.com,4381199537,KA,2024-11-07T00:00:00,Retail,True
837,Ati Majumdar,ati837@example.com,8564510173,PB,2025-05-19T00:00:00,Retail,True
838,Amaira Chawla,amaira838@example.com,8996986091,MH,2026-07-28T00:00:00,Retail,True
839,Jacob Khare,jacob839@example.com,9966057798,BR,2024-12-03T00:00:00,Retail,True
840,Tarak Golla,tarak840@example.com,5146074555,TN,2024-11-26T00:00:00,Retail,True
841,Ekta Shanker,ekta841@example.com,2388565271,KL,2026-02-09T00:00:00,SME,True
842,Edhitha Mohan,edhitha842@example.com,1659726347,RJ,2025-09-06T00:00:00,Retail,True
843,Nathaniel Ganguly,nathaniel843@example.com,0139488488,OD,2024-09-17T00:00:00,Retail,True
844,Rushil Chander,rushil844@example.com,9642585626,MP,2024-09-18T00:00:00,Retail,True
845,Ekiya Kar,ekiya845@example.com,0382407333,GJ,2024-09-29T00:00:00,Retail,True
846,Advik Minhas,advik846@example.com,0977688936,HR,2024-08-30T00:00:00,Retail,True
847,Lila Lal,lila847@example.com,4655358512,KL,2025-05-24T00:00:00,SME,True
848,Gopal Tripathi,gopal848@example.com,8519358374,TN,2025-03-31T00:00:00,Retail,True
849,Widisha Sarin,widisha849@example.com,2087805721,AS,2025-07-04T00:00:00,Retail,True
850,Ayaan Swaminathan,ayaan850@example.com,2637484539,KA,2025-02-18T00:00:00,Retail,True
851,Abeer Bera,abeer851@example.com,9119186233,BR,2025-12-19T00:00:00,SME,True
852,Warda Dar,warda852@example.com,1169666725,DL,2026-01-19T00:00:00,SME,True
853,Peter Sani,peter853@example.com,7124633515,MP,2024-12-26T00:00:00,SME,True
854,Anmol Bhat,anmol854@example.com,5120800564,MH,2025-02-03T00:00:00,Retail,True
855,Ekaraj Gera,ekaraj855@example.com,9728351295,DL,2025-04-22T00:00:00,Retail,True
856,Yashica Dixit,yashica856@example.com,0908144152,HR,2026-08-01T00:00:00,Retail,True
857,Widisha Hans,widisha857@example.com,9578671815,AS,2026-01-09T00:00:00,Retail,True
858,Vritti Guha,vritti858@example.com,0507918158,MH,2025-04-14T00:00:00,Retail,True
859,Sai Mandal,sai859@example.com,2734666617,UP,2025-12-08T00:00:00,Retail,True
860,Veda Ramachandran,veda860@example.com,7408031499,UP,2025-05-01T00:00:00,Retail,True
861,Ayaan Batta,ayaan861@example.com,6358068828,KL,2024-09-07T00:00:00,Retail,True
862,Tanvi Grewal,tanvi862@example.com,5137399006,WB,2025-03-24T00:00:00,Retail,True
863,Wridesh Narayanan,wridesh863@example.com,6356022939,RJ,2026-06-08T00:00:00,Retail,False
864,Samarth Mahajan,samarth864@example.com,0666437490,MH,2025-12-08T00:00:00,Premium,True
865,Udant Bobal,udant865@example.com,1271285246,MH,2025-03-27T00:00:00,Retail,True
866,Advika Chopra,advika866@example.com,6318732807,KL,2026-08-09T00:00:00,Premium,True
867,Baljiwan Rama,baljiwan867@example.com,1136957279,BR,2025-08-30T00:00:00,SME,True
868,Eesha Bassi,eesha868@example.com,2542573066,WB,2025-11-30T00:00:00,Retail,True
869,Umang Gour,umang869@example.com,5707139848,MP,2026-03-31T00:00:00,Retail,True
870,Dakshesh Choudhury,dakshesh870@example.com,6880925502,HR,2026-03-07T00:00:00,Retail,True
871,Aarush Bhardwaj,aarush871@example.com,9130981079,KL,2026-07-11T00:00:00,Retail,True
872,Shivani Khanna,shivani872@example.com,9457727853,RJ,2026-05-27T00:00:00,Retail,True
873,Aarini Dyal,aarini873@example.com,0642076836,KL,2025-02-18T00:00:00,Retail,True
874,Oviya Sahni,oviya874@example.com,7767555628,DL,2026-04-16T00:00:00,Retail,True
875,Robert Patla,robert875@example.com,8654362718,TG,2024-09-05T00:00:00,Retail,True
876,Charan Iyengar,charan876@example.com,5826862703,RJ,2025-10-12T00:00:00,Retail,True
877,Nachiket Ratti,nachiket877@example.com,2657327599,WB,2025-07-27T00:00:00,Retail,True
878,Frederick Bail,frederick878@example.com,0515532341,OD,2026-06-28T00:00:00,Retail,True
879,Vaishnavi Nigam,vaishnavi879@example.com,4418222618,UP,2026-06-14T00:00:00,SME,True
880,Avni Krish,avni880@example.com,2710267672,TN,2025-12-05T00:00:00,Retail,True
881,Qabil Sem,qabil881@example.com,7955151229,UP,2026-07-07T00:00:00,SME,True
882,Ronith Nagi,ronith882@example.com,1597099625,GJ,2025-08-08T00:00:00,Retail,True
883,Zinal Bajwa,zinal883@example.com,5203447650,BR,2025-07-15T00:00:00,Retail,True
884,Azad De,azad884@example.com,9046376604,AS,2024-12-08T00:00:00,Retail,True
885,Niharika Oommen,niharika885@example.com,5483744171,KA,2025-12-06T00:00:00,SME,True
886,Kabir Chhabra,kabir886@example.com,1251293110,MP,2026-02-03T00:00:00,Retail,True
887,Nachiket Sharma,nachiket887@example.com,1910231211,TG,2024-12-28T00:00:00,Premium,True
888,Chandresh Buch,chandresh888@example.com,5837379274,AS,2025-01-03T00:00:00,Retail,True
889,Yashica Ahuja,yashica889@example.com,2342893113,KA,2025-12-22T00:00:00,Retail,True
890,Megha Minhas,megha890@example.com,8436453804,PB,2026-05-21T00:00:00,Retail,True
891,Dev Tak,dev891@example.com,0961701595,WB,2025-01-29T00:00:00,Retail,True
892,Eiravati Seshadri,eiravati892@example.com,7574758339,KA,2024-12-20T00:00:00,Retail,True
893,Udyati Shenoy,udyati893@example.com,6777226602,MP,2025-10-23T00:00:00,Premium,True
894,Jasmit Atwal,jasmit894@example.com,2292310672,DL,2026-02-07T00:00:00,Retail,True
895,Widisha Ramanathan,widisha895@example.com,4843379766,MH,2025-07-05T00:00:00,SME,True
896,Hitesh Bhavsar,hitesh896@example.com,7942387367,MH,2026-07-03T00:00:00,Retail,True
897,Deepa Sanghvi,deepa897@example.com,9284552597,GJ,2026-07-21T00:00:00,SME,True
898,Omisha Koshy,omisha898@example.com,5357485953,TN,2025-09-06T00:00:00,Retail,True
899,Warjas Krish,warjas899@example.com,9705816295,KA,2024-09-25T00:00:00,Retail,True
900,Amaira Bhavsar,amaira900@example.com,6342507330,PB,2025-10-28T00:00:00,SME,True
901,Madhav Mahajan,madhav901@example.com,7598339914,PB,2025-12-24T00:00:00,Retail,True
902,Yuvraj Puri,yuvraj902@example.com,0443240061,MP,2024-08-29T00:00:00,Retail,True
903,Lavanya Dugar,lavanya903@example.com,5147439742,TG,2025-03-14T00:00:00,Retail,True
904,Jatin Ben,jatin904@example.com,8752568065,UP,2024-12-14T00:00:00,Retail,True
905,Barkha Naik,barkha905@example.com,8027112218,DL,2025-08-29T00:00:00,SME,True
906,Ishanvi Nigam,ishanvi906@example.com,6517680866,DL,2026-04-10T00:00:00,Premium,True
907,Saumya Dutt,saumya907@example.com,4330800370,MH,2024-09-28T00:00:00,Retail,True
908,Laksh Tella,laksh908@example.com,5660847068,MP,2024-12-14T00:00:00,Retail,True
909,Sathvik Karpe,sathvik909@example.com,0519582632,TG,2025-03-08T00:00:00,Retail,True
910,Amaira Prasad,amaira910@example.com,2394535461,KL,2025-10-14T00:00:00,Retail,True
911,Yauvani Ravi,yauvani911@example.com,2106133943,RJ,2026-05-09T00:00:00,Retail,True
912,Chatura Karpe,chatura912@example.com,3804032537,TN,2026-01-15T00:00:00,Retail,True
913,Noah Swamy,noah913@example.com,8943191009,TN,2024-11-26T00:00:00,Retail,True
914,Chavvi Saxena,chavvi914@example.com,9210533651,RJ,2026-01-27T00:00:00,Premium,True
915,Bakhshi Dar,bakhshi915@example.com,2473107201,BR,2025-06-08T00:00:00,Retail,True
916,Anamika Bajaj,anamika916@example.com,1231660076,WB,2026-07-15T00:00:00,Premium,True
917,Chaitanya Bhatnagar,chaitanya917@example.com,4734043370,MH,2024-08-23T00:00:00,Retail,True
918,Vincent Batta,vincent918@example.com,5195778255,OD,2025-01-09T00:00:00,Premium,True
919,Idika Ray,idika919@example.com,9657542786,KA,2024-11-21T00:00:00,Premium,True
920,Laksh Natarajan,laksh920@example.com,7782058295,AS,2025-06-09T00:00:00,Retail,True
921,Samesh Randhawa,samesh921@example.com,6188081904,UP,2024-09-19T00:00:00,SME,True
922,Vrinda Dada,vrinda922@example.com,5868639561,PB,2025-10-20T00:00:00,Retail,True
923,Aadi Thaman,aadi923@example.com,7214364381,DL,2024-08-19T00:00:00,SME,True
924,Chakrika Dara,chakrika924@example.com,2114716560,UP,2025-07-12T00:00:00,Retail,True
925,Kavya Joshi,kavya925@example.com,6997990707,RJ,2024-11-13T00:00:00,Retail,True
926,Urvashi Rajagopal,urvashi926@example.com,6995706071,TN,2025-09-24T00:00:00,Retail,True
927,Fitan Korpal,fitan927@example.com,7653970548,MP,2026-07-17T00:00:00,SME,True
928,Girish Anne,girish928@example.com,9087182749,UP,2024-12-03T00:00:00,Retail,True
929,Jacob Varughese,jacob929@example.com,2742049561,UP,2024-11-24T00:00:00,Retail,True
930,Vedika Krish,vedika930@example.com,6260423597,AS,2025-02-11T00:00:00,Retail,True
931,Nitesh Dewan,nitesh931@example.com,9907756085,MH,2026-07-11T00:00:00,SME,True
932,Bahadurjit Mallick,bahadurjit932@example.com,8611145768,TG,2025-12-17T00:00:00,Premium,True
933,Neel Chadha,neel933@example.com,3785847129,BR,2025-11-04T00:00:00,Retail,True
934,Vincent Jain,vincent934@example.com,4260508018,PB,2024-08-22T00:00:00,Retail,True
935,Chavvi Devan,chavvi935@example.com,3733777312,GJ,2026-06-26T00:00:00,SME,True
936,Madhav Datta,madhav936@example.com,1781923653,TN,2025-10-27T00:00:00,Retail,True
937,Brijesh Nagi,brijesh937@example.com,0356793279,HR,2026-06-20T00:00:00,Retail,True
938,Bhavna Tank,bhavna938@example.com,6906181205,DL,2024-08-21T00:00:00,Retail,True
939,Harita Mitter,harita939@example.com,4787698999,OD,2025-12-30T00:00:00,SME,True
940,Vrishti Oommen,vrishti940@example.com,4444983553,OD,2025-07-04T00:00:00,Retail,True
941,Rehaan Nayak,rehaan941@example.com,4496392435,DL,2026-01-11T00:00:00,Retail,True
942,Turvi Venkatesh,turvi942@example.com,1433952753,MP,2025-04-07T00:00:00,Retail,True
943,Harita Dhingra,harita943@example.com,9141686013,AS,2024-11-08T00:00:00,SME,True
944,Yasti Salvi,yasti944@example.com,4067917665,TN,2026-01-01T00:00:00,Retail,False
945,Janaki Bhagat,janaki945@example.com,1418842163,MP,2025-10-06T00:00:00,Retail,True
946,Isaac Nazareth,isaac946@example.com,4633399948,KA,2026-04-20T00:00:00,Premium,True
947,Edhitha Kannan,edhitha947@example.com,6389021994,WB,2026-06-11T00:00:00,Retail,True
948,Niharika Kant,niharika948@example.com,7922341034,HR,2024-10-04T00:00:00,SME,True
949,Sanaya Kala,sanaya949@example.com,1167726960,PB,2026-03-06T00:00:00,SME,True
950,Rajeshri Viswanathan,rajeshri950@example.com,5078967935,HR,2025-11-16T00:00:00,Retail,True
951,Om Raval,om951@example.com,3556434369,GJ,2024-08-12T00:00:00,Retail,True
952,Dhruv Sethi,dhruv952@example.com,6955607676,KL,2026-02-21T00:00:00,Retail,True
953,Veer Luthra,veer953@example.com,4722398983,DL,2025-01-25T00:00:00,Retail,True
954,Veer Chana,veer954@example.com,1980418472,BR,2024-11-27T00:00:00,Retail,True
955,Quincy Karnik,quincy955@example.com,4281319092,TN,2025-09-16T00:00:00,Retail,True
956,Oliver Keer,oliver956@example.com,3911142817,WB,2025-07-22T00:00:00,Retail,True
957,Rachit Korpal,rachit957@example.com,5248088062,TN,2025-11-14T00:00:00,Retail,True
958,Kevin Khurana,kevin958@example.com,9473721329,TG,2026-01-02T00:00:00,Retail,True
959,Aadi Mani,aadi959@example.com,8768868785,BR,2026-04-01T00:00:00,Retail,True
960,Nikita Ganesan,nikita960@example.com,2031954196,UP,2026-07-19T00:00:00,Retail,True
961,Arjun Murty,arjun961@example.com,3036279246,TG,2024-11-24T00:00:00,Retail,True
962,Reva Krishnan,reva962@example.com,6775372603,PB,2026-01-08T00:00:00,SME,True
963,Chatresh Palla,chatresh963@example.com,6619458870,GJ,2025-05-17T00:00:00,Retail,True
964,Rishi Mukherjee,rishi964@example.com,0128400838,KL,2025-11-16T00:00:00,SME,True
965,Gaurika Sharma,gaurika965@example.com,9545089177,KL,2026-07-29T00:00:00,Retail,True
966,Mitesh Purohit,mitesh966@example.com,7422319646,WB,2025-03-03T00:00:00,Retail,True
967,Advik Deol,advik967@example.com,6936268943,HR,2026-06-29T00:00:00,Retail,True
968,Alka Subramanian,alka968@example.com,3727117595,UP,2026-01-07T00:00:00,Retail,True
969,Eta Vyas,eta969@example.com,9849330674,TN,2025-08-05T00:00:00,Retail,True
970,Nidhi Behl,nidhi970@example.com,4128333721,BR,2026-07-01T00:00:00,Retail,True
971,Mugdha Saini,mugdha971@example.com,4132971506,KL,2025-10-16T00:00:00,SME,True
972,Urvashi Balasubramanian,urvashi972@example.com,5143776936,MH,2025-09-04T00:00:00,Retail,True
973,Nitesh Nayar,nitesh973@example.com,9596111102,WB,2025-05-10T00:00:00,SME,True
974,Max Behl,max974@example.com,7202455910,KL,2026-07-10T00:00:00,Retail,True
975,Balvan Butala,balvan975@example.com,9032671494,KL,2025-03-06T00:00:00,SME,False
976,Lakshit Bhattacharyya,lakshit976@example.com,9428179340,AS,2024-11-22T00:00:00,Retail,True
977,Sneha Parmer,sneha977@example.com,4663453372,GJ,2026-06-03T00:00:00,Retail,True
978,Jacob Divan,jacob978@example.com,7221455937,KL,2026-07-20T00:00:00,Retail,True
979,Shaurya Solanki,shaurya979@example.com,5263510046,MP,2025-10-10T00:00:00,Premium,True
980,Ekiya Sengupta,ekiya980@example.com,5659202461,PB,2026-02-26T00:00:00,Retail,True
981,Logan Khatri,logan981@example.com,4326005595,WB,2026-05-07T00:00:00,SME,True
982,Yachana Jaggi,yachana982@example.com,2584868999,AS,2025-03-28T00:00:00,Premium,True
983,Bina Yohannan,bina983@example.com,0450691767,HR,2026-04-04T00:00:00,Retail,True
984,Udant Sengupta,udant984@example.com,4039464083,WB,2025-06-07T00:00:00,Retail,True
985,Mekhala Agate,mekhala985@example.com,0148860849,KA,2025-02-17T00:00:00,Premium,True
986,Bhavna D’Alia,bhavna986@example.com,6852830615,TN,2025-08-31T00:00:00,Retail,True
987,Kai Kuruvilla,kai987@example.com,4462632514,RJ,2024-12-21T00:00:00,Retail,True
988,Faraj Dugal,faraj988@example.com,0314217518,MH,2025-07-14T00:00:00,Retail,True
989,Vasana Mall,vasana989@example.com,5152638409,DL,2025-01-14T00:00:00,Premium,True
990,Hema Dyal,hema990@example.com,7505661863,KL,2025-12-25T00:00:00,SME,True
991,Ekalinga Karan,ekalinga991@example.com,8765530073,KA,2026-08-04T00:00:00,Retail,True
992,Kashish Nigam,kashish992@example.com,0571219881,UP,2026-01-25T00:00:00,Retail,True
993,Harini Dar,harini993@example.com,5348640104,BR,2026-02-17T00:00:00,Retail,True
994,Avni Oak,avni994@example.com,1851744600,GJ,2025-03-16T00:00:00,Retail,True
995,Laksh Vohra,laksh995@example.com,5114551293,KL,2025-03-21T00:00:00,Premium,True
996,Aradhana Mukhopadhyay,aradhana996@example.com,8984841604,OD,2026-03-07T00:00:00,SME,True
997,Charles Devan,charles997@example.com,1901707568,MH,2024-12-05T00:00:00,Retail,True
998,Finn Natt,finn998@example.com,2910732283,GJ,2024-09-19T00:00:00,Retail,True
999,Raghav Tailor,raghav999@example.com,0639638452,TN,2025-09-09T00:00:00,Retail,True
1000,Amruta Krish,amruta1000@example.com,6497016934,MH,2026-01-21T00:00:00,SME,True
1001,Yuvraj Deo,yuvraj1001@example.com,3301623419,AS,2025-12-21T00:00:00,Retail,True
1002,Odika Chhabra,odika1002@example.com,3722155668,WB,2025-07-04T00:00:00,Retail,True
1003,Samuel Ramachandran,samuel1003@example.com,3377460406,UP,2026-02-11T00:00:00,Retail,True
1004,Tara Viswanathan,tara1004@example.com,3614244260,WB,2026-06-27T00:00:00,Retail,True
1005,Ijaya Mitter,ijaya1005@example.com,7347642737,BR,2024-11-24T00:00:00,Retail,True
1006,Leena Kanda,leena1006@example.com,1458414846,BR,2026-06-03T00:00:00,SME,True
1007,Wyatt Mandal,wyatt1007@example.com,3899827802,TG,2024-09-03T00:00:00,Retail,True
1008,Harita Agarwal,harita1008@example.com,3214644936,KA,2024-10-24T00:00:00,Retail,True
1009,Gopal Rai,gopal1009@example.com,9335055738,KA,2026-03-21T00:00:00,SME,True
1010,Amol Bose,amol1010@example.com,9236037681,BR,2025-09-11T00:00:00,Retail,True
1011,Timothy Kala,timothy1011@example.com,5104096149,PB,2024-08-27T00:00:00,Retail,True
1012,Warjas Dani,warjas1012@example.com,4983074820,MH,2026-05-28T00:00:00,Retail,True
1013,Harish Chakrabarti,harish1013@example.com,9406557820,DL,2026-07-28T00:00:00,SME,True
1014,Reyansh Gera,reyansh1014@example.com,3023332470,TN,2025-06-02T00:00:00,SME,True
1015,Azad Dalal,azad1015@example.com,5462127602,KA,2025-05-25T00:00:00,SME,True
1016,Osha Chopra,osha1016@example.com,2312616324,MP,2026-06-17T00:00:00,Retail,True
1017,Sneha Dugar,sneha1017@example.com,7629745493,GJ,2024-12-27T00:00:00,Retail,True
1018,Keya Wason,keya1018@example.com,1912038187,KL,2026-05-21T00:00:00,Retail,True
1019,Zarna Gole,zarna1019@example.com,2308981388,HR,2024-08-21T00:00:00,Retail,True
1020,Aashi Lal,aashi1020@example.com,8220673231,TN,2024-09-21T00:00:00,Retail,True
1021,Ekbal Sami,ekbal1021@example.com,5724500000,KA,2025-06-18T00:00:00,Retail,True
1022,Finn Butala,finn1022@example.com,7178509025,HR,2025-03-14T00:00:00,Retail,True
1023,Brinda Lal,brinda1023@example.com,1829987478,TG,2025-01-21T00:00:00,Retail,True
1024,Yachana Basak,yachana1024@example.com,6708670090,RJ,2025-02-24T00:00:00,Retail,True
1025,Hemani Om,hemani1025@example.com,5848266913,DL,2026-02-23T00:00:00,Retail,True
1026,Ekanta Pingle,ekanta1026@example.com,5429608070,KL,2026-06-28T00:00:00,Retail,True
1027,Triveni Pant,triveni1027@example.com,9822104016,OD,2025-07-14T00:00:00,Retail,True
1028,Advika Kuruvilla,advika1028@example.com,8773836381,GJ,2024-11-20T00:00:00,Retail,True
1029,Dominic Dhaliwal,dominic1029@example.com,9428946420,WB,2025-07-01T00:00:00,Retail,True
1030,Raagini Kala,raagini1030@example.com,4417064625,KL,2026-07-21T00:00:00,Retail,True
1031,Neha Karnik,neha1031@example.com,5824301764,HR,2025-06-29T00:00:00,Premium,True
1032,Upkaar Chopra,upkaar1032@example.com,3888245279,PB,2025-04-19T00:00:00,SME,True
1033,Dakshesh Manne,dakshesh1033@example.com,3335384951,BR,2025-05-20T00:00:00,SME,True
1034,Gautam Chandra,gautam1034@example.com,8718093391,PB,2025-12-14T00:00:00,Retail,True
1035,Nidhi Naidu,nidhi1035@example.com,0601198756,KL,2025-12-21T00:00:00,Retail,True
1036,Abhiram Anne,abhiram1036@example.com,3009156182,KA,2025-05-24T00:00:00,SME,True
1037,Krishna Nath,krishna1037@example.com,7449160936,WB,2025-05-06T00:00:00,Retail,True
1038,Dalbir Bose,dalbir1038@example.com,9118941843,KA,2024-08-29T00:00:00,SME,True
1039,Hemal Bala,hemal1039@example.com,6322399821,MP,2026-04-06T00:00:00,Retail,False
1040,Geetika Sahota,geetika1040@example.com,1404288605,RJ,2026-02-17T00:00:00,SME,True
1041,Megha Sangha,megha1041@example.com,0811260030,TG,2025-08-19T00:00:00,Retail,True
1042,Mitali Chakrabarti,mitali1042@example.com,6271531234,KL,2024-12-25T00:00:00,Retail,True
1043,Yashodhara Goswami,yashodhara1043@example.com,9177682938,MP,2025-08-17T00:00:00,Retail,True
1044,Wyatt Modi,wyatt1044@example.com,8735437882,UP,2026-01-18T00:00:00,Retail,True
1045,Kavya Dash,kavya1045@example.com,1570908599,TG,2025-12-18T00:00:00,Premium,False
1046,Amol Sethi,amol1046@example.com,9269996996,OD,2025-04-04T00:00:00,Retail,True
1047,Gaurav Vig,gaurav1047@example.com,2859693259,DL,2026-06-25T00:00:00,Retail,True
1048,Robert Gill,robert1048@example.com,1234266980,HR,2025-09-11T00:00:00,Retail,True
1049,Mohammed Rao,mohammed1049@example.com,7607234838,DL,2024-09-19T00:00:00,Premium,True
1050,Yagnesh Venkatesh,yagnesh1050@example.com,8040561299,RJ,2025-05-06T00:00:00,Retail,True
1051,Nidra Parmer,nidra1051@example.com,6418696561,MP,2026-06-10T00:00:00,Retail,True
1052,Pooja Chaudhari,pooja1052@example.com,3859514346,KA,2026-01-21T00:00:00,Retail,True
1053,Yashodhara Magar,yashodhara1053@example.com,0273008696,GJ,2026-01-20T00:00:00,Retail,True
1054,Lila Thakur,lila1054@example.com,1139500168,HR,2025-12-21T00:00:00,SME,True
1055,Chaaya Bora,chaaya1055@example.com,0762839762,MH,2026-01-05T00:00:00,SME,True
1056,Anamika Badal,anamika1056@example.com,7794620726,GJ,2024-10-27T00:00:00,Retail,True
1057,Hemangini Bahl,hemangini1057@example.com,7760299140,TG,2025-02-17T00:00:00,Retail,True
1058,Ekalinga Hayer,ekalinga1058@example.com,3731255235,TN,2026-06-17T00:00:00,Retail,True
1059,Ucchal Anne,ucchal1059@example.com,2119206136,TN,2025-12-16T00:00:00,Retail,True
1060,Unni Tandon,unni1060@example.com,6133718444,UP,2026-06-03T00:00:00,SME,False
1061,Champak Dhaliwal,champak1061@example.com,4801644037,DL,2024-12-18T00:00:00,Retail,True
1062,Upma Warrior,upma1062@example.com,2778221021,DL,2026-03-19T00:00:00,Retail,True
1063,Harsh Hari,harsh1063@example.com,8629857973,UP,2026-01-21T00:00:00,Premium,True
1064,Ishwar Varma,ishwar1064@example.com,8560539707,MH,2026-06-18T00:00:00,SME,True
1065,Jagat Setty,jagat1065@example.com,0673682050,WB,2025-11-12T00:00:00,Retail,True
1066,Onveer Gole,onveer1066@example.com,5521650587,OD,2025-01-31T00:00:00,Retail,True
1067,Elijah Virk,elijah1067@example.com,1925967908,TG,2026-03-29T00:00:00,SME,True
1068,Qushi Mani,qushi1068@example.com,2205093869,RJ,2025-01-28T00:00:00,Retail,True
1069,Chanchal Nazareth,chanchal1069@example.com,1457887071,AS,2026-04-12T00:00:00,Retail,True
1070,Sara Ramakrishnan,sara1070@example.com,3820974619,MP,2024-12-23T00:00:00,Retail,True
1071,Leena Doctor,leena1071@example.com,8722589370,BR,2025-01-10T00:00:00,Retail,True
1072,Mohini Grewal,mohini1072@example.com,5040566957,DL,2026-02-05T00:00:00,Retail,True
1073,Oliver Mammen,oliver1073@example.com,5544286796,OD,2026-06-16T00:00:00,Retail,True
1074,Quincy Koshy,quincy1074@example.com,8946338915,MH,2026-07-05T00:00:00,Retail,True
1075,Falak Grover,falak1075@example.com,7256292693,HR,2024-09-23T00:00:00,Retail,True
1076,Harsh Kapoor,harsh1076@example.com,8655078468,OD,2025-09-04T00:00:00,Retail,True
1077,Vinaya Mani,vinaya1077@example.com,3034918911,TN,2025-10-19T00:00:00,Retail,True
1078,Champak Issac,champak1078@example.com,9340153641,GJ,2024-11-03T00:00:00,Retail,True
1079,Eta Narang,eta1079@example.com,1325936781,BR,2025-04-30T00:00:00,Retail,True
1080,Chakradev Babu,chakradev1080@example.com,2141052769,MH,2026-03-24T00:00:00,Retail,True
1081,Darpan Deep,darpan1081@example.com,0452388856,MP,2026-06-11T00:00:00,Retail,True
1082,Omaja Bhardwaj,omaja1082@example.com,9867874422,BR,2025-08-15T00:00:00,Retail,True
1083,Ati Nori,ati1083@example.com,5594282491,RJ,2025-05-04T00:00:00,SME,True
1084,Laban Ahuja,laban1084@example.com,0245393132,HR,2026-04-28T00:00:00,Retail,True
1085,Sathvik Ahluwalia,sathvik1085@example.com,5708368214,WB,2025-10-07T00:00:00,Retail,True
1086,Libni Swaminathan,libni1086@example.com,7367746202,UP,2025-08-24T00:00:00,Retail,True
1087,Bhavna Kadakia,bhavna1087@example.com,8328123123,KL,2026-03-24T00:00:00,Retail,True
1088,George Bhargava,george1088@example.com,0183647238,TG,2026-06-16T00:00:00,Retail,True
1089,Urishilla Raval,urishilla1089@example.com,7225775458,UP,2024-11-20T00:00:00,Retail,True
1090,Mohammed Bali,mohammed1090@example.com,2918768316,PB,2026-02-24T00:00:00,Retail,True
1091,Jai Singh,jai1091@example.com,1733739920,DL,2025-01-21T00:00:00,Retail,True
1092,Tanish Sabharwal,tanish1092@example.com,1659143882,KA,2025-01-05T00:00:00,Retail,True
1093,Yash Zachariah,yash1093@example.com,5844617773,KA,2024-10-14T00:00:00,Retail,True
1094,Anmol Natarajan,anmol1094@example.com,4979127997,DL,2025-09-07T00:00:00,Premium,True
1095,Ria Boase,ria1095@example.com,0539787137,KL,2026-08-08T00:00:00,Premium,True
1096,Kalpit Dixit,kalpit1096@example.com,1256083200,UP,2026-05-27T00:00:00,Retail,False
1097,Zilmil Thakur,zilmil1097@example.com,5358523860,KL,2025-02-25T00:00:00,Retail,True
1098,Chasmum Keer,chasmum1098@example.com,1995171523,GJ,2026-05-01T00:00:00,Retail,False
1099,Oliver Pall,oliver1099@example.com,1437483093,GJ,2026-06-11T00:00:00,Retail,True
1100,Fitan Kade,fitan1100@example.com,1912602213,RJ,2025-09-23T00:00:00,Retail,True
1101,Unnati Dewan,unnati1101@example.com,1911166122,WB,2026-01-22T00:00:00,Retail,True
1102,Sanya Deshpande,sanya1102@example.com,8733930493,KA,2026-02-23T00:00:00,Retail,True
1103,Agastya Gola,agastya1103@example.com,4812421140,HR,2025-07-31T00:00:00,Premium,True
1104,Geetika Anand,geetika1104@example.com,2294620935,WB,2025-11-18T00:00:00,Premium,True
1105,Tanish Pai,tanish1105@example.com,9701371243,RJ,2025-02-05T00:00:00,Retail,True
1106,Jeevika Ram,jeevika1106@example.com,2304120270,KA,2026-01-07T00:00:00,Retail,True
1107,Varenya Kashyap,varenya1107@example.com,4029907166,RJ,2026-02-11T00:00:00,SME,True
1108,Kalpit Date,kalpit1108@example.com,8155420340,AS,2025-08-31T00:00:00,Retail,True
1109,Janani Ravi,janani1109@example.com,9756491579,PB,2025-11-22T00:00:00,Retail,True
1110,Orinder Koshy,orinder1110@example.com,7124760108,MH,2025-12-16T00:00:00,Retail,True
1111,Balvan Johal,balvan1111@example.com,6831764172,GJ,2026-07-04T00:00:00,Retail,True
1112,Zansi Chatterjee,zansi1112@example.com,7129015071,BR,2025-08-06T00:00:00,Retail,False
1113,Sneha Chaudry,sneha1113@example.com,0735104584,RJ,2025-04-21T00:00:00,Retail,True
1114,Parth Comar,parth1114@example.com,0096258857,PB,2024-10-26T00:00:00,Retail,True
1115,Watika Balan,watika1115@example.com,1805339627,PB,2025-08-07T00:00:00,Retail,True
1116,Manthan Brar,manthan1116@example.com,9183270004,UP,2026-07-10T00:00:00,Premium,True
1117,Deepa Narayanan,deepa1117@example.com,1107977140,WB,2025-04-07T00:00:00,Retail,True
1118,Ekansh Madan,ekansh1118@example.com,5315204998,WB,2025-04-01T00:00:00,Retail,True
1119,Megha Wadhwa,megha1119@example.com,3137971669,HR,2025-01-16T00:00:00,SME,True
1120,Lavanya Chaudhary,lavanya1120@example.com,3740779433,KA,2026-07-03T00:00:00,Premium,True
1121,Shivansh Varma,shivansh1121@example.com,9919701426,MH,2026-02-15T00:00:00,Premium,True
1122,Charan Varma,charan1122@example.com,8211602041,HR,2026-05-07T00:00:00,Retail,True
1123,Yochana Thaman,yochana1123@example.com,2117088948,RJ,2025-12-25T00:00:00,Retail,True
1124,Abha Modi,abha1124@example.com,2175883978,RJ,2025-09-21T00:00:00,Retail,True
1125,David Bal,david1125@example.com,8067571236,DL,2026-01-30T00:00:00,SME,True
1126,Gavin Chad,gavin1126@example.com,8794296882,DL,2026-01-06T00:00:00,Retail,True
1127,Chandresh Loke,chandresh1127@example.com,9531419615,UP,2025-11-21T00:00:00,Premium,True
1128,Peter Sura,peter1128@example.com,8835651796,AS,2025-06-29T00:00:00,Retail,False
1129,Barkha Puri,barkha1129@example.com,8349604784,WB,2025-09-02T00:00:00,Retail,True
1130,Michael Nigam,michael1130@example.com,6225936488,RJ,2025-02-17T00:00:00,Retail,True
1131,Amaira Warrior,amaira1131@example.com,8839062467,OD,2026-04-29T00:00:00,Retail,True
1132,Pavani Bains,pavani1132@example.com,1413193592,BR,2025-03-13T00:00:00,Retail,True
1133,Tanay Soman,tanay1133@example.com,0523045881,HR,2025-09-24T00:00:00,Retail,True
1134,Jagvi Mallick,jagvi1134@example.com,7241916503,TG,2026-03-22T00:00:00,Retail,True
1135,Neelima Bhatnagar,neelima1135@example.com,7182498980,RJ,2025-04-08T00:00:00,Retail,True
1136,Triya Dhillon,triya1136@example.com,4174681359,WB,2025-01-06T00:00:00,SME,True
1137,Pahal Yohannan,pahal1137@example.com,9698748694,OD,2024-08-19T00:00:00,Retail,True
1138,Dipta Bawa,dipta1138@example.com,1929207536,PB,2025-12-21T00:00:00,Retail,True
1139,Urvi Brar,urvi1139@example.com,0398863653,DL,2025-09-21T00:00:00,Retail,True
1140,Falak Pradhan,falak1140@example.com,6700099424,WB,2025-04-27T00:00:00,Retail,True
1141,Champak Memon,champak1141@example.com,6489667605,AS,2025-07-18T00:00:00,Retail,True
1142,Deepa Murty,deepa1142@example.com,5775809745,RJ,2025-07-28T00:00:00,Retail,True
1143,Pavani De,pavani1143@example.com,5466226540,WB,2026-03-23T00:00:00,Retail,True
1144,Veer Bera,veer1144@example.com,6221224276,UP,2025-05-28T00:00:00,Retail,True
1145,Krish Mutti,krish1145@example.com,6011241158,OD,2025-11-10T00:00:00,SME,True
1146,Darpan Ahuja,darpan1146@example.com,1798677823,KL,2025-11-27T00:00:00,Retail,True
1147,Sachi Arya,sachi1147@example.com,7264261212,UP,2026-05-27T00:00:00,SME,True
1148,Veer Srinivas,veer1148@example.com,3659680785,MP,2024-10-22T00:00:00,Retail,True
1149,Dayita Datta,dayita1149@example.com,8385454006,PB,2025-06-30T00:00:00,Retail,True
1150,Unni Nigam,unni1150@example.com,3112327489,MP,2025-05-14T00:00:00,SME,True
1151,Raksha Rao,raksha1151@example.com,3427203886,HR,2026-04-03T00:00:00,Retail,True
1152,Advik Bhat,advik1152@example.com,9630453069,UP,2025-02-14T00:00:00,SME,True
1153,Amara Karnik,amara1153@example.com,3400181677,GJ,2026-06-18T00:00:00,Retail,True
1154,Pavani Pai,pavani1154@example.com,4445446083,KA,2025-03-13T00:00:00,Retail,True
1155,Teerth Seshadri,teerth1155@example.com,0539128788,KA,2025-12-07T00:00:00,Retail,False
1156,Yoshita Dubey,yoshita1156@example.com,4579271472,MP,2026-01-28T00:00:00,SME,True
1157,Gaurav Zachariah,gaurav1157@example.com,4242383972,RJ,2026-05-04T00:00:00,Retail,True
1158,Matthew Chowdhury,matthew1158@example.com,0629328809,MP,2025-06-22T00:00:00,Retail,True
1159,Jairaj Basu,jairaj1159@example.com,0232001867,AS,2026-05-13T00:00:00,Retail,True
1160,Ayushman Trivedi,ayushman1160@example.com,6108143561,UP,2024-09-08T00:00:00,Retail,True
1161,Eiravati Kohli,eiravati1161@example.com,9807468235,PB,2025-12-10T00:00:00,Retail,True
1162,Guneet Banerjee,guneet1162@example.com,3076205459,RJ,2026-02-22T00:00:00,Retail,True
1163,Anmol Batra,anmol1163@example.com,6664110654,UP,2026-04-07T00:00:00,Retail,True
1164,Aarav Sekhon,aarav1164@example.com,1699497089,BR,2026-01-28T00:00:00,Retail,True
1165,Qushi Saini,qushi1165@example.com,4826899962,HR,2025-12-16T00:00:00,Retail,True
1166,Vivaan Zacharia,vivaan1166@example.com,8889178791,AS,2025-06-21T00:00:00,Retail,True
1167,Pranit Patil,pranit1167@example.com,1976093201,KL,2024-08-20T00:00:00,Retail,True
1168,Rachit Rai,rachit1168@example.com,4180952175,TG,2025-07-28T00:00:00,Retail,True
1169,Triveni Sur,triveni1169@example.com,4127469211,OD,2025-12-11T00:00:00,Retail,True
1170,George Rau,george1170@example.com,6422297589,KL,2026-04-13T00:00:00,Retail,False
1171,Jeevika Lata,jeevika1171@example.com,1854570568,HR,2025-02-19T00:00:00,Retail,True
1172,Jonathan Peri,jonathan1172@example.com,0900163564,MP,2025-04-22T00:00:00,Retail,True
1173,Laban Mallick,laban1173@example.com,2828954001,MP,2025-09-01T00:00:00,Retail,True
1174,Naveen Lala,naveen1174@example.com,3126168507,GJ,2026-01-21T00:00:00,SME,True
1175,Gavin D’Alia,gavin1175@example.com,0927115261,RJ,2025-05-28T00:00:00,Retail,True
1176,Chatresh Deshpande,chatresh1176@example.com,0071695007,RJ,2025-10-06T00:00:00,Retail,True
1177,Falak Memon,falak1177@example.com,2987698936,TG,2025-06-02T00:00:00,Retail,True
1178,Arya Sodhi,arya1178@example.com,6198273481,AS,2025-05-15T00:00:00,Retail,True
1179,Gaurangi Bath,gaurangi1179@example.com,5896321743,PB,2024-08-29T00:00:00,Retail,True
1180,Geetika Doshi,geetika1180@example.com,8064860673,MH,2025-02-16T00:00:00,Premium,True
1181,Chandani Thakur,chandani1181@example.com,8425364628,TG,2025-11-01T00:00:00,Retail,True
1182,Sanaya Sawhney,sanaya1182@example.com,0657955156,TG,2024-08-25T00:00:00,Retail,True
1183,Aditya Bandi,aditya1183@example.com,5107409131,KL,2026-01-02T00:00:00,Premium,True
1184,Girish Bahl,girish1184@example.com,5476022069,DL,2025-07-14T00:00:00,Retail,True
1185,Fiyaz Goel,fiyaz1185@example.com,1227595002,TG,2024-10-06T00:00:00,Retail,True
1186,Indrajit Nazareth,indrajit1186@example.com,2594795074,OD,2025-02-11T00:00:00,Retail,True
1187,Rayaan Dayal,rayaan1187@example.com,9805950310,MP,2024-08-22T00:00:00,Retail,True
1188,Daksha Arora,daksha1188@example.com,9104520360,GJ,2025-09-08T00:00:00,SME,True
1189,Ekbal Mital,ekbal1189@example.com,3599285535,DL,2025-03-01T00:00:00,Retail,True
1190,Janaki Rama,janaki1190@example.com,0067990069,WB,2025-12-07T00:00:00,Retail,True
1191,Lila Sarna,lila1191@example.com,4037842339,PB,2025-01-19T00:00:00,Retail,False
1192,Umang Bail,umang1192@example.com,6776255032,TN,2025-04-26T00:00:00,Retail,True
1193,Simon Raghavan,simon1193@example.com,4262417842,HR,2024-10-02T00:00:00,SME,True
1194,Theodore Kant,theodore1194@example.com,5110090605,TN,2025-04-08T00:00:00,Retail,True
1195,Yashvi Kulkarni,yashvi1195@example.com,0211667329,UP,2025-05-19T00:00:00,Retail,True
1196,Gaurika Seshadri,gaurika1196@example.com,9212996426,GJ,2024-08-19T00:00:00,Premium,True
1197,Praneel Anand,praneel1197@example.com,7558214770,OD,2026-07-15T00:00:00,Retail,True
1198,Ishwar Chand,ishwar1198@example.com,2380236219,KA,2025-04-21T00:00:00,Retail,True
1199,Vrinda Agrawal,vrinda1199@example.com,9161186385,PB,2026-05-12T00:00:00,Retail,True
1200,Dhriti Sheth,dhriti1200@example.com,2168800537,TG,2026-07-29T00:00:00,Retail,True
1201,Keya Dubey,keya1201@example.com,2845401822,OD,2025-04-05T00:00:00,Retail,True
1202,Peter Kala,peter1202@example.com,8232204144,HR,2025-11-02T00:00:00,Retail,False
1203,Imaran Bhatti,imaran1203@example.com,5993020203,MP,2025-08-11T00:00:00,Retail,True
1204,Karan De,karan1204@example.com,7521353028,DL,2025-12-19T00:00:00,Retail,True
1205,Niharika Kulkarni,niharika1205@example.com,3005937775,OD,2025-02-20T00:00:00,Retail,True
1206,Kevin Bobal,kevin1206@example.com,2916174690,PB,2025-12-02T00:00:00,Retail,True
1207,Jagdish Balakrishnan,jagdish1207@example.com,3841966229,UP,2024-10-19T00:00:00,Retail,True
1208,Vidhi Atwal,vidhi1208@example.com,5685667063,RJ,2026-02-15T00:00:00,Retail,False
1209,Janaki Pathak,janaki1209@example.com,4944407663,MP,2025-02-15T00:00:00,SME,True
1210,Omaja Padmanabhan,omaja1210@example.com,4962732262,HR,2026-05-07T00:00:00,Retail,True
1211,Manan Kumer,manan1211@example.com,6258542188,MP,2025-02-20T00:00:00,Retail,True
1212,Nikita Divan,nikita1212@example.com,4199643385,TG,2026-04-29T00:00:00,Retail,True
1213,Rachit Pau,rachit1213@example.com,5833343031,PB,2024-12-01T00:00:00,Retail,True
1214,Nidra Bala,nidra1214@example.com,4576947576,DL,2024-12-20T00:00:00,Retail,False
1215,Jalsa Khatri,jalsa1215@example.com,5974669861,TN,2025-12-20T00:00:00,Retail,False
1216,Farhan Goel,farhan1216@example.com,4508095948,MP,2026-06-14T00:00:00,Retail,True
1217,Luke Naidu,luke1217@example.com,9664721307,RJ,2024-09-29T00:00:00,Retail,True
1218,Jagat Lata,jagat1218@example.com,6140489332,KA,2024-08-23T00:00:00,Premium,True
1219,Dayamai Kala,dayamai1219@example.com,7963731008,OD,2024-10-30T00:00:00,Retail,True
1220,Oliver Dhar,oliver1220@example.com,1587184523,HR,2026-03-04T00:00:00,Retail,True
1221,Yashasvi Sharma,yashasvi1221@example.com,4701732086,HR,2026-08-05T00:00:00,Retail,True
1222,Turvi Sethi,turvi1222@example.com,9665633701,DL,2024-10-21T00:00:00,SME,True
1223,Michael Sarna,michael1223@example.com,0558000272,WB,2026-01-23T00:00:00,Retail,True
1224,Ekaja Sheth,ekaja1224@example.com,1609439136,MP,2025-02-20T00:00:00,Retail,True
1225,Bakhshi Issac,bakhshi1225@example.com,3695528620,UP,2026-03-04T00:00:00,Retail,True
1226,Yatin Padmanabhan,yatin1226@example.com,5953322273,TN,2026-05-25T00:00:00,Retail,True
1227,Aarav Mani,aarav1227@example.com,7353236618,BR,2024-11-24T00:00:00,Retail,True
1228,Gavin Bawa,gavin1228@example.com,0826971823,MP,2026-01-08T00:00:00,Retail,True
1229,Vyanjana Dash,vyanjana1229@example.com,6158388217,AS,2025-08-05T00:00:00,Premium,True
1230,Neha Sridhar,neha1230@example.com,5742233222,PB,2025-08-25T00:00:00,Retail,True
1231,Zehaan Dube,zehaan1231@example.com,8922256062,PB,2026-04-25T00:00:00,Retail,True
1232,Chandran Ramachandran,chandran1232@example.com,7311804674,MP,2026-02-24T00:00:00,Premium,True
1233,Divya Karnik,divya1233@example.com,1852013626,AS,2025-11-11T00:00:00,Premium,False
1234,Veer Solanki,veer1234@example.com,6154705549,DL,2025-05-28T00:00:00,Retail,True
1235,Gabriel Sangha,gabriel1235@example.com,1195564091,KL,2024-08-16T00:00:00,Retail,True
1236,Ekani Seshadri,ekani1236@example.com,5207020426,PB,2024-09-01T00:00:00,SME,True
1237,Gopal Deshpande,gopal1237@example.com,2413936967,RJ,2026-02-27T00:00:00,Retail,True
1238,Balhaar Virk,balhaar1238@example.com,3126773192,TG,2024-11-14T00:00:00,Retail,True
1239,Triveni Nori,triveni1239@example.com,8653394319,TG,2025-05-08T00:00:00,Retail,True
1240,Raghav Balasubramanian,raghav1240@example.com,2312021915,GJ,2025-04-29T00:00:00,SME,True
1241,Anita Mandal,anita1241@example.com,4700026876,MP,2026-03-15T00:00:00,Premium,True
1242,Watika Rattan,watika1242@example.com,9797416365,PB,2025-12-17T00:00:00,Retail,True
1243,Bachittar Bajaj,bachittar1243@example.com,3553730964,TN,2026-04-11T00:00:00,Retail,False
1244,Ucchal Sastry,ucchal1244@example.com,1952963530,MP,2024-10-29T00:00:00,SME,True
1245,Praneel Pillai,praneel1245@example.com,1282763643,PB,2025-08-01T00:00:00,SME,True
1246,Gautami Ramaswamy,gautami1246@example.com,4663454434,TN,2025-03-30T00:00:00,Retail,True
1247,Meghana Konda,meghana1247@example.com,4497439464,MH,2026-05-21T00:00:00,SME,True
1248,Madhav Kapur,madhav1248@example.com,9586297398,KL,2026-01-28T00:00:00,Retail,True
1249,Zaid Dugar,zaid1249@example.com,0972021707,TG,2025-07-10T00:00:00,Retail,True
1250,Reyansh Mangat,reyansh1250@example.com,5579220300,DL,2026-06-30T00:00:00,Retail,True
1251,Daksha Raj,daksha1251@example.com,2939002512,AS,2026-04-11T00:00:00,Retail,True
1252,Maya Parekh,maya1252@example.com,3595708619,BR,2025-06-02T00:00:00,SME,True
1253,Jalsa Misra,jalsa1253@example.com,4566311388,PB,2024-11-02T00:00:00,Retail,True
1254,Qadim Halder,qadim1254@example.com,2203347424,MP,2025-05-05T00:00:00,Retail,True
1255,Charvi Kata,charvi1255@example.com,9686800852,TG,2024-12-26T00:00:00,Retail,True
1256,Michael Chakraborty,michael1256@example.com,7417430435,MP,2026-06-08T00:00:00,Retail,True
1257,Champak Gade,champak1257@example.com,8946652752,GJ,2025-04-15T00:00:00,Retail,True
1258,Vivaan Andra,vivaan1258@example.com,0256913303,PB,2026-07-12T00:00:00,Premium,True
1259,Nilima Sidhu,nilima1259@example.com,1167507627,BR,2025-10-17T00:00:00,Retail,True
1260,Zaid Bhandari,zaid1260@example.com,4530123984,HR,2026-04-10T00:00:00,Retail,True
1261,Tarak Madan,tarak1261@example.com,0284719017,UP,2025-08-03T00:00:00,Retail,True
1262,Charles Prakash,charles1262@example.com,7648717754,AS,2026-05-10T00:00:00,Retail,False
1263,Aishani Bedi,aishani1263@example.com,5838727258,GJ,2025-03-02T00:00:00,Retail,True
1264,Banjeet Oza,banjeet1264@example.com,6844823733,KA,2024-12-03T00:00:00,Retail,True
1265,Harish De,harish1265@example.com,1018780358,TG,2025-05-31T00:00:00,Retail,True
1266,Suhani Bawa,suhani1266@example.com,4039251999,TN,2025-06-18T00:00:00,Retail,False
1267,Imaran Tak,imaran1267@example.com,2227643387,WB,2026-02-11T00:00:00,Retail,True
1268,Bimala Doctor,bimala1268@example.com,1626549633,RJ,2026-02-22T00:00:00,Retail,True
1269,Bimala Menon,bimala1269@example.com,7048878995,TG,2026-07-22T00:00:00,Retail,False
1270,Ojas Anne,ojas1270@example.com,9685195377,DL,2025-04-28T00:00:00,Retail,True
1271,Prisha Kadakia,prisha1271@example.com,9563427775,RJ,2024-10-03T00:00:00,Retail,True
1272,Anay Sahota,anay1272@example.com,6581292059,KA,2025-09-11T00:00:00,Retail,True
1273,Jackson Bora,jackson1273@example.com,6302955963,HR,2024-11-28T00:00:00,Retail,True
1274,Nilima Gera,nilima1274@example.com,2066154980,MP,2025-04-03T00:00:00,Premium,True
1275,Samarth Chhabra,samarth1275@example.com,8004983211,TN,2025-06-29T00:00:00,Retail,True
1276,Faraj Pradhan,faraj1276@example.com,8158268687,KA,2025-02-16T00:00:00,Retail,True
1277,Imaran Wali,imaran1277@example.com,4880644200,MH,2024-09-19T00:00:00,Retail,True
1278,Riya Vohra,riya1278@example.com,3585664641,PB,2025-12-24T00:00:00,Retail,True
1279,Chaman Gole,chaman1279@example.com,9262213204,HR,2026-07-11T00:00:00,Retail,True
1280,Zehaan Wali,zehaan1280@example.com,1478911797,GJ,2026-01-05T00:00:00,Retail,True
1281,Gopal Dyal,gopal1281@example.com,1800366602,RJ,2025-09-10T00:00:00,SME,True
1282,Ronith Edwin,ronith1282@example.com,3863105052,MH,2026-03-01T00:00:00,Premium,True
1283,Aarav Pant,aarav1283@example.com,6929900768,PB,2025-09-16T00:00:00,Retail,True
1284,Yagnesh Karan,yagnesh1284@example.com,8389633761,MP,2026-01-25T00:00:00,Premium,True
1285,Peter Rao,peter1285@example.com,1368410132,GJ,2025-10-11T00:00:00,Retail,True
1286,Michael Chaudhary,michael1286@example.com,5279187506,KL,2026-04-21T00:00:00,Retail,True
1287,Caleb Sami,caleb1287@example.com,9208814319,WB,2026-06-09T00:00:00,Retail,True
1288,Nimrat Dada,nimrat1288@example.com,8159698384,WB,2024-12-29T00:00:00,Retail,True
1289,Matthew Raman,matthew1289@example.com,5686295912,TG,2025-10-24T00:00:00,Premium,True
1290,Yashica Gaba,yashica1290@example.com,5394607429,TG,2026-06-12T00:00:00,Premium,True
1291,Vaishnavi Dhar,vaishnavi1291@example.com,6941799670,PB,2024-10-18T00:00:00,Retail,True
1292,Damyanti Tank,damyanti1292@example.com,8599464183,TN,2025-02-14T00:00:00,Retail,True
1293,Nirja Shere,nirja1293@example.com,4785369881,MH,2025-07-02T00:00:00,SME,True
1294,Alka Mann,alka1294@example.com,0928605210,BR,2025-06-16T00:00:00,Retail,True
1295,Balveer Ranganathan,balveer1295@example.com,4890082484,RJ,2025-01-12T00:00:00,SME,True
1296,Aadi Zacharia,aadi1296@example.com,0574883997,UP,2024-09-05T00:00:00,SME,True
1297,Ojasvi Khalsa,ojasvi1297@example.com,2750003056,RJ,2026-04-22T00:00:00,Retail,True
1298,Samar Badal,samar1298@example.com,6418493784,GJ,2025-04-03T00:00:00,Retail,True
1299,Yadavi Srinivasan,yadavi1299@example.com,1872600136,OD,2024-12-25T00:00:00,Retail,True
1300,Anika Merchant,anika1300@example.com,4299067456,HR,2025-02-14T00:00:00,SME,True
1301,Charvi Barad,charvi1301@example.com,2215599672,TG,2025-01-24T00:00:00,Retail,False
1302,Pratyush Dash,pratyush1302@example.com,5334704747,MH,2025-05-13T00:00:00,Premium,True
1303,Eshana Pradhan,eshana1303@example.com,9652138350,WB,2025-03-07T00:00:00,Retail,True
1304,Gauri Pall,gauri1304@example.com,1290036221,AS,2026-05-03T00:00:00,Retail,True
1305,Ubika Talwar,ubika1305@example.com,6488395855,AS,2025-04-19T00:00:00,Retail,True
1306,Dalaja Garde,dalaja1306@example.com,2516185759,MP,2025-06-26T00:00:00,Retail,True
1307,Gayathri Ben,gayathri1307@example.com,5491477447,DL,2026-01-25T00:00:00,Retail,True
1308,Lohit Mishra,lohit1308@example.com,8417159497,DL,2025-04-18T00:00:00,Retail,True
1309,Balhaar Nath,balhaar1309@example.com,7880331836,DL,2026-03-04T00:00:00,Retail,True
1310,Qabil Sane,qabil1310@example.com,8788281527,DL,2025-02-20T00:00:00,Retail,True
1311,Bhavika Saran,bhavika1311@example.com,5152174653,KL,2025-05-29T00:00:00,Retail,True
1312,Harrison Vala,harrison1312@example.com,5673446717,DL,2026-07-17T00:00:00,Retail,True
1313,Dhruv Mukherjee,dhruv1313@example.com,3629994664,AS,2024-11-10T00:00:00,Retail,True
1314,Balhaar Choudhury,balhaar1314@example.com,8985739083,TG,2025-09-16T00:00:00,Retail,True
1315,Nimrat Vig,nimrat1315@example.com,4246488499,UP,2025-11-17T00:00:00,Retail,True
1316,Onkar Prabhakar,onkar1316@example.com,5958281902,WB,2025-11-18T00:00:00,Retail,True
1317,Ethan Devan,ethan1317@example.com,8839717059,UP,2024-12-14T00:00:00,Retail,True
1318,Hardik Lata,hardik1318@example.com,6728681123,HR,2024-11-05T00:00:00,Retail,True
1319,Radha Yadav,radha1319@example.com,1939781459,UP,2025-09-01T00:00:00,Retail,False
1320,Henry Saxena,henry1320@example.com,9055286693,UP,2025-07-19T00:00:00,Retail,True
1321,Yamini Yohannan,yamini1321@example.com,7053260119,TG,2025-01-23T00:00:00,SME,True
1322,Yuvraj Walia,yuvraj1322@example.com,9742551360,DL,2025-10-13T00:00:00,Retail,True
1323,Harrison Thakkar,harrison1323@example.com,0450243736,AS,2025-06-01T00:00:00,Retail,True
1324,Samesh Raghavan,samesh1324@example.com,2713589693,TG,2025-03-05T00:00:00,Retail,True
1325,Abhimanyu Nath,abhimanyu1325@example.com,6154731566,MH,2025-11-22T00:00:00,Retail,True
1326,Ishanvi Palan,ishanvi1326@example.com,1643690283,MH,2026-04-24T00:00:00,SME,True
1327,Ayaan Dutt,ayaan1327@example.com,6605342816,OD,2025-11-17T00:00:00,Retail,True
1328,Faraj Banerjee,faraj1328@example.com,9753584640,MH,2025-04-17T00:00:00,SME,True
1329,Aarav Deshmukh,aarav1329@example.com,3042763628,WB,2024-09-29T00:00:00,Retail,True
1330,Sudiksha D’Alia,sudiksha1330@example.com,9530969067,HR,2024-09-16T00:00:00,Retail,False
1331,Oscar Ghose,oscar1331@example.com,9874551358,KL,2025-07-15T00:00:00,Premium,False
1332,Sudiksha Lata,sudiksha1332@example.com,0688116403,BR,2025-02-08T00:00:00,Retail,True
1333,Yashica Tak,yashica1333@example.com,8775833364,UP,2025-11-19T00:00:00,Retail,True
1334,Girindra Kaul,girindra1334@example.com,9091538602,DL,2024-11-13T00:00:00,SME,True
1335,Ikshita Lalla,ikshita1335@example.com,0412319057,MP,2024-10-18T00:00:00,SME,True
1336,Ati Bhatti,ati1336@example.com,0794193245,KA,2025-06-05T00:00:00,Retail,True
1337,Vasudha More,vasudha1337@example.com,2248709872,RJ,2025-07-13T00:00:00,Retail,True
1338,Samarth Goswami,samarth1338@example.com,5174224043,WB,2026-04-28T00:00:00,Retail,True
1339,Charan Banik,charan1339@example.com,4686163070,KA,2025-12-18T00:00:00,Retail,True
1340,Omkaar Bhalla,omkaar1340@example.com,0095366219,KL,2025-10-21T00:00:00,Retail,True
1341,Advaith Nori,advaith1341@example.com,7950017325,HR,2024-12-20T00:00:00,Retail,True
1342,Tarak Shenoy,tarak1342@example.com,3072211386,OD,2025-12-27T00:00:00,SME,True
1343,Faqid Ramakrishnan,faqid1343@example.com,2210454617,GJ,2026-08-05T00:00:00,Retail,True
1344,Urvi Ahuja,urvi1344@example.com,4436023442,TN,2024-09-03T00:00:00,Retail,True
1345,Mekhala Aurora,mekhala1345@example.com,5239412094,WB,2026-05-02T00:00:00,Premium,True
1346,Keya Bajaj,keya1346@example.com,2655132761,PB,2025-08-03T00:00:00,Retail,True
1347,Krish Madan,krish1347@example.com,5985160211,MH,2026-05-27T00:00:00,Retail,True
1348,Onkar Sani,onkar1348@example.com,4986478686,KA,2025-06-21T00:00:00,Retail,True
1349,Daniel Andra,daniel1349@example.com,4740837819,MH,2024-12-04T00:00:00,Retail,True
1350,Bishakha De,bishakha1350@example.com,6400698369,MH,2025-02-05T00:00:00,Retail,True
1351,Arya Zachariah,arya1351@example.com,8647082139,OD,2025-12-08T00:00:00,SME,True
1352,Rachana Grover,rachana1352@example.com,0212372055,OD,2025-01-16T00:00:00,Retail,True
1353,Darsh Bail,darsh1353@example.com,8863467391,PB,2025-11-26T00:00:00,SME,True
1354,Jairaj Krishnan,jairaj1354@example.com,6009169232,DL,2026-01-25T00:00:00,Retail,True
1355,Chaitanya Rama,chaitanya1355@example.com,8548186746,PB,2026-03-01T00:00:00,Retail,True
1356,Yutika Malhotra,yutika1356@example.com,3611371181,PB,2025-08-07T00:00:00,Retail,True
1357,Aashi Narayan,aashi1357@example.com,9420340153,MH,2025-07-23T00:00:00,Premium,True
1358,Nirja Balan,nirja1358@example.com,5699944946,UP,2026-03-17T00:00:00,Retail,True
1359,Girish Bhardwaj,girish1359@example.com,4028182238,TN,2025-06-21T00:00:00,Retail,True
1360,Manthan Raman,manthan1360@example.com,0858174527,DL,2025-05-15T00:00:00,Retail,True
1361,Devika Dutta,devika1361@example.com,5700412918,GJ,2025-08-25T00:00:00,Retail,True
1362,Jack Sahota,jack1362@example.com,2559046100,WB,2026-01-29T00:00:00,Retail,True
1363,Christopher Lalla,christopher1363@example.com,6001283827,DL,2025-03-04T00:00:00,Premium,True
1364,Sai Datta,sai1364@example.com,1512048507,MH,2025-12-17T00:00:00,Premium,True
1365,Aarna Muni,aarna1365@example.com,0422763460,PB,2025-12-18T00:00:00,Retail,True
1366,Warjas Amble,warjas1366@example.com,7347243586,PB,2025-01-03T00:00:00,SME,True
1367,Nihal Nadkarni,nihal1367@example.com,2726708666,TG,2025-03-08T00:00:00,Retail,True
1368,Anya Bose,anya1368@example.com,6878494771,TN,2024-08-14T00:00:00,Retail,False
1369,Janaki Aurora,janaki1369@example.com,6184897422,KA,2025-07-17T00:00:00,Retail,False
1370,Damyanti Bera,damyanti1370@example.com,6682121564,KL,2024-09-02T00:00:00,Retail,True
1371,Aahana Gera,aahana1371@example.com,6441119738,WB,2025-07-04T00:00:00,Retail,True
1372,Ubika Krish,ubika1372@example.com,6343594882,PB,2025-11-04T00:00:00,Retail,True
1373,Oni Yadav,oni1373@example.com,6640511021,UP,2025-05-17T00:00:00,Retail,True
1374,Arya Butala,arya1374@example.com,3016049860,TN,2025-03-09T00:00:00,Retail,True
1375,Yashasvi Rajan,yashasvi1375@example.com,0320319789,RJ,2025-01-01T00:00:00,Premium,True
1376,Gaurav Majumdar,gaurav1376@example.com,0347131719,GJ,2025-02-01T00:00:00,Retail,True
1377,Henry Rama,henry1377@example.com,5908419478,PB,2026-02-14T00:00:00,Retail,True
1378,Faraj Jha,faraj1378@example.com,5358210728,OD,2026-07-02T00:00:00,Retail,True
1379,Urishilla Devan,urishilla1379@example.com,9037161608,KA,2025-10-20T00:00:00,Retail,True
1380,Mohammed Dayal,mohammed1380@example.com,9964771837,AS,2026-05-03T00:00:00,Retail,True
1381,Oni Cherian,oni1381@example.com,2480855780,WB,2026-08-10T00:00:00,SME,True
1382,Rishi Deshmukh,rishi1382@example.com,6221690696,KA,2025-11-29T00:00:00,Retail,True
1383,Mitali Sodhi,mitali1383@example.com,6751691395,AS,2024-11-17T00:00:00,Retail,True
1384,Jack Ray,jack1384@example.com,2610703350,AS,2025-12-04T00:00:00,Retail,True
1385,Siddharth Chowdhury,siddharth1385@example.com,9248481300,RJ,2025-08-17T00:00:00,Retail,True
1386,Alexander Mutti,alexander1386@example.com,0215167586,PB,2025-07-08T00:00:00,Retail,False
1387,Forum Kaul,forum1387@example.com,8110501476,OD,2024-12-03T00:00:00,Retail,True
1388,Jason Nagarajan,jason1388@example.com,3855128177,UP,2025-05-26T00:00:00,SME,True
1389,Kashish Tank,kashish1389@example.com,5542609723,TG,2026-01-12T00:00:00,Retail,True
1390,Brinda Saran,brinda1390@example.com,4677205171,TN,2025-07-09T00:00:00,Retail,True
1391,Xiti Sheth,xiti1391@example.com,5647837031,KL,2026-02-06T00:00:00,Retail,True
1392,Amol Grewal,amol1392@example.com,4148572602,GJ,2026-05-07T00:00:00,Retail,True
1393,Meera Wable,meera1393@example.com,2728840766,OD,2025-09-07T00:00:00,Retail,True
1394,Krishna Jhaveri,krishna1394@example.com,7135386762,BR,2025-10-29T00:00:00,Retail,True
1395,Raagini Thaman,raagini1395@example.com,9060488693,GJ,2025-02-03T00:00:00,Retail,True
1396,Wahab Lad,wahab1396@example.com,5089273961,OD,2024-12-05T00:00:00,Retail,True
1397,Aarini Andra,aarini1397@example.com,3567078977,TN,2025-11-08T00:00:00,Retail,True
1398,Rajata Bose,rajata1398@example.com,3842273627,KA,2026-04-14T00:00:00,Retail,True
1399,Parth Din,parth1399@example.com,1117576917,MP,2025-07-11T00:00:00,Retail,True
1400,Chaitaly Dugar,chaitaly1400@example.com,1448698305,KA,2025-03-20T00:00:00,SME,True
1401,Sarthak Gola,sarthak1401@example.com,0269801426,MH,2025-01-07T00:00:00,Retail,True
1402,Pahal Bakshi,pahal1402@example.com,7703163705,KL,2025-09-13T00:00:00,Retail,True
1403,Sathvik Goyal,sathvik1403@example.com,7244693172,WB,2026-07-08T00:00:00,SME,True
1404,Wyatt Ahluwalia,wyatt1404@example.com,9065402599,KL,2025-10-29T00:00:00,Retail,True
1405,Umang Datta,umang1405@example.com,2728129163,KA,2026-03-29T00:00:00,Retail,True
1406,Daniel Dass,daniel1406@example.com,6765272845,MP,2024-12-18T00:00:00,SME,True
1407,Kashvi Bajaj,kashvi1407@example.com,0886406756,DL,2024-08-10T00:00:00,Retail,True
1408,Harshil Garg,harshil1408@example.com,2215439044,HR,2024-11-30T00:00:00,SME,True
1409,Oscar Dugar,oscar1409@example.com,3332023510,GJ,2025-10-26T00:00:00,Retail,True
1410,Daniel Comar,daniel1410@example.com,5450369888,PB,2026-08-08T00:00:00,Retail,True
1411,Yatan Hans,yatan1411@example.com,4362962080,WB,2026-06-19T00:00:00,Retail,True
1412,Jason Date,jason1412@example.com,4129075965,MP,2025-08-13T00:00:00,SME,True
1413,Daksh Dalal,daksh1413@example.com,3763177495,TG,2024-12-25T00:00:00,Retail,True
1414,Leena Gopal,leena1414@example.com,1937591922,TG,2025-12-21T00:00:00,Retail,True
1415,Harish Subramaniam,harish1415@example.com,3626475286,TG,2024-11-04T00:00:00,Retail,True
1416,Atharv Sandal,atharv1416@example.com,7300992845,AS,2026-07-23T00:00:00,Retail,True
1417,Ojas Cherian,ojas1417@example.com,5355051432,UP,2025-11-18T00:00:00,Retail,True
1418,Wazir Bawa,wazir1418@example.com,7972479254,AS,2025-09-07T00:00:00,Retail,True
1419,Aachal Nagy,aachal1419@example.com,9204877067,MH,2026-03-24T00:00:00,Retail,True
1420,Wahab Garde,wahab1420@example.com,5159025784,RJ,2025-10-04T00:00:00,Premium,True
1421,Yahvi Parmer,yahvi1421@example.com,8256726208,DL,2024-09-17T00:00:00,Retail,True
1422,Om Patil,om1422@example.com,3551962822,TN,2026-03-27T00:00:00,Retail,True
1423,Qadim Pandit,qadim1423@example.com,2472863942,TG,2026-01-31T00:00:00,Premium,True
1424,Yatan Mahal,yatan1424@example.com,4992900966,RJ,2025-11-29T00:00:00,Retail,True
1425,Nimrat Rastogi,nimrat1425@example.com,4509563217,KA,2025-04-18T00:00:00,Retail,True
1426,Falan Bedi,falan1426@example.com,9335389222,KA,2026-07-11T00:00:00,Retail,True
1427,Tristan Raja,tristan1427@example.com,0608277056,KL,2026-04-29T00:00:00,Retail,True
1428,Christopher Som,christopher1428@example.com,2643850095,MH,2025-12-03T00:00:00,Retail,True
1429,Anika Sampath,anika1429@example.com,7623133610,PB,2025-10-15T00:00:00,Retail,True
1430,Radhika Mistry,radhika1430@example.com,3165441372,KL,2025-06-02T00:00:00,Retail,True
1431,Vansha Salvi,vansha1431@example.com,6349429046,KL,2026-03-10T00:00:00,Retail,True
1432,Harish Vaidya,harish1432@example.com,0179993242,UP,2026-03-19T00:00:00,Retail,True
1433,Sai Morar,sai1433@example.com,4172345653,MH,2025-05-30T00:00:00,Retail,True
1434,Saumya Apte,saumya1434@example.com,5485362689,KA,2025-05-21T00:00:00,Retail,True
1435,Rudra Varty,rudra1435@example.com,4100953855,RJ,2025-04-30T00:00:00,Retail,True
1436,Mahika Mallick,mahika1436@example.com,5990093781,UP,2026-04-07T00:00:00,Retail,True
1437,Vrinda Roy,vrinda1437@example.com,4378844370,HR,2025-02-05T00:00:00,Retail,True
1438,Indali Sagar,indali1438@example.com,6726368154,OD,2025-02-11T00:00:00,SME,True
1439,Darpan Dixit,darpan1439@example.com,7291084507,PB,2024-11-04T00:00:00,Premium,True
1440,Warinder Patla,warinder1440@example.com,6050337469,TG,2025-12-30T00:00:00,SME,True
1441,Meghana Subramanian,meghana1441@example.com,3067182226,MP,2025-04-10T00:00:00,Retail,True
1442,Finn Babu,finn1442@example.com,8865385906,UP,2025-03-13T00:00:00,Retail,True
1443,Samarth Modi,samarth1443@example.com,8987605504,DL,2026-05-29T00:00:00,Retail,True
1444,Tamanna Bhargava,tamanna1444@example.com,8618670663,DL,2025-01-28T00:00:00,Retail,True
1445,Nicholas Aurora,nicholas1445@example.com,3992891982,OD,2026-02-06T00:00:00,Retail,True
1446,Omya Naidu,omya1446@example.com,3717086494,MP,2025-12-08T00:00:00,Retail,True
1447,Nakul Balan,nakul1447@example.com,9831354901,BR,2024-08-22T00:00:00,Retail,True
1448,Shivani Bala,shivani1448@example.com,9219587305,MP,2026-07-05T00:00:00,Retail,True
1449,Anita Kata,anita1449@example.com,3021781678,DL,2024-11-17T00:00:00,Premium,True
1450,Tristan Comar,tristan1450@example.com,8901649281,BR,2026-04-27T00:00:00,Premium,True
1451,Chakradhar Contractor,chakradhar1451@example.com,0926407030,PB,2025-05-13T00:00:00,Retail,True
1452,Suhani Dutta,suhani1452@example.com,2829682448,MP,2025-11-25T00:00:00,SME,True
1453,Manan Varty,manan1453@example.com,9274116806,WB,2026-01-24T00:00:00,Retail,True
1454,Imaran Garg,imaran1454@example.com,6620808203,UP,2025-06-26T00:00:00,Retail,True
1455,Parth Sama,parth1455@example.com,4443596245,KA,2024-08-22T00:00:00,Retail,True
1456,Pranav Apte,pranav1456@example.com,2425369091,AS,2025-08-04T00:00:00,Retail,True
1457,Yuvraj Andra,yuvraj1457@example.com,8497603967,WB,2024-09-13T00:00:00,Retail,True
1458,Keya Nadkarni,keya1458@example.com,4055364818,WB,2026-04-15T00:00:00,Retail,True
1459,Xavier Ratta,xavier1459@example.com,8821597738,TN,2024-11-06T00:00:00,SME,True
1460,Max Hora,max1460@example.com,3606679986,UP,2024-12-01T00:00:00,Retail,True
1461,Kashish Mukherjee,kashish1461@example.com,2204298622,AS,2026-06-17T00:00:00,Premium,True
1462,Advay Rajagopalan,advay1462@example.com,6179962356,RJ,2025-10-21T00:00:00,Retail,True
1463,Yug Kale,yug1463@example.com,8768877792,PB,2025-04-30T00:00:00,Retail,True
1464,Jairaj Koshy,jairaj1464@example.com,8208493153,DL,2025-09-05T00:00:00,Retail,True
1465,Mohammed Date,mohammed1465@example.com,0001440762,RJ,2025-05-08T00:00:00,Retail,True
1466,Bahadurjit Mane,bahadurjit1466@example.com,3410389752,WB,2026-04-26T00:00:00,Retail,True
1467,Radhika Narang,radhika1467@example.com,4224059208,TN,2025-01-04T00:00:00,Retail,True
1468,Azaan Sundaram,azaan1468@example.com,6919489629,TN,2025-11-05T00:00:00,Retail,True
1469,Karan Agrawal,karan1469@example.com,7530796618,KA,2024-10-21T00:00:00,Retail,True
1470,Michael Mannan,michael1470@example.com,4347412531,AS,2024-08-29T00:00:00,SME,True
1471,Nidhi Chatterjee,nidhi1471@example.com,0777321750,MH,2024-09-17T00:00:00,Retail,True
1472,Chakradev Din,chakradev1472@example.com,9991938733,PB,2025-09-14T00:00:00,Retail,True
1473,Qarin Memon,qarin1473@example.com,4748904760,OD,2025-12-12T00:00:00,Retail,True
1474,Umang Murty,umang1474@example.com,0765191708,KA,2026-02-14T00:00:00,Retail,True
1475,Ojas Yohannan,ojas1475@example.com,1456340918,OD,2024-12-12T00:00:00,Retail,True
1476,Hiral Brar,hiral1476@example.com,5744965391,HR,2025-07-17T00:00:00,Retail,True
1477,Aarnav Bedi,aarnav1477@example.com,0930454184,KA,2025-08-19T00:00:00,Retail,True
1478,Pranav Bumb,pranav1478@example.com,3966203858,KA,2025-11-23T00:00:00,SME,True
1479,Sai Walla,sai1479@example.com,2652951646,WB,2025-02-06T00:00:00,Retail,True
1480,Hema Sahni,hema1480@example.com,3039744088,WB,2025-06-12T00:00:00,Retail,True
1481,Yashasvi Subramanian,yashasvi1481@example.com,9201991843,HR,2025-12-21T00:00:00,Retail,True
1482,Madhavi Radhakrishnan,madhavi1482@example.com,1584858052,WB,2024-12-31T00:00:00,Retail,False
1483,Isaac Rau,isaac1483@example.com,4722053970,GJ,2025-12-23T00:00:00,Retail,True
1484,Arya Minhas,arya1484@example.com,0823171461,KL,2026-01-03T00:00:00,Retail,True
1485,Anita Sama,anita1485@example.com,6626235960,AS,2024-08-26T00:00:00,Retail,True
1486,Leena Borah,leena1486@example.com,0257870368,DL,2025-09-29T00:00:00,Retail,True
1487,Maya Khalsa,maya1487@example.com,6636050281,AS,2026-07-05T00:00:00,SME,True
1488,Advay Kalita,advay1488@example.com,9120302520,GJ,2024-10-22T00:00:00,Retail,True
1489,Ryan Sharma,ryan1489@example.com,9795319260,MH,2025-12-05T00:00:00,Premium,True
1490,Caleb Deol,caleb1490@example.com,5745449205,GJ,2026-07-29T00:00:00,Retail,False
1491,Bhavika Narayan,bhavika1491@example.com,8118081896,DL,2025-06-20T00:00:00,SME,True
1492,Bhanumati Mandal,bhanumati1492@example.com,6622952179,UP,2026-04-07T00:00:00,Retail,True
1493,Lajita Arora,lajita1493@example.com,6162486070,TN,2026-01-01T00:00:00,Retail,True
1494,Nidra Babu,nidra1494@example.com,3515850153,KA,2025-03-05T00:00:00,Retail,True
1495,Gautam Sampath,gautam1495@example.com,1560587905,MP,2025-07-08T00:00:00,Retail,True
1496,Falan Kadakia,falan1496@example.com,9547940645,TG,2025-07-05T00:00:00,SME,True
1497,Chatura Nagar,chatura1497@example.com,1918986646,DL,2026-04-09T00:00:00,Retail,True
1498,Lipika Dasgupta,lipika1498@example.com,3597487680,RJ,2025-01-01T00:00:00,SME,True
1499,Xavier Sridhar,xavier1499@example.com,1843019220,HR,2026-02-27T00:00:00,Retail,True
1500,Wyatt Kalla,wyatt1500@example.com,2973239644,DL,2024-12-24T00:00:00,Retail,True
1501,Ekanta Khatri,ekanta1501@example.com,6769924277,MP,2025-01-18T00:00:00,Retail,True
1502,Hamsini Dhaliwal,hamsini1502@example.com,2320914016,MH,2024-08-17T00:00:00,Retail,True
1503,Zaitra Mallick,zaitra1503@example.com,2347199829,KL,2025-10-10T00:00:00,Retail,True
1504,Frado Narasimhan,frado1504@example.com,5260756999,OD,2026-07-19T00:00:00,Retail,True
1505,Jeet Balan,jeet1505@example.com,6433226227,RJ,2026-01-27T00:00:00,Retail,True
1506,Samar Borra,samar1506@example.com,8066470703,UP,2026-04-27T00:00:00,Retail,True
1507,Kritika Banerjee,kritika1507@example.com,9529842410,OD,2026-04-28T00:00:00,Premium,True
1508,Warhi Madan,warhi1508@example.com,6758267625,KL,2025-08-01T00:00:00,Retail,True
1509,Akshay Baral,akshay1509@example.com,6385646149,WB,2024-12-08T00:00:00,Premium,True
1510,Sathvik Chawla,sathvik1510@example.com,9979849149,HR,2026-02-13T00:00:00,Retail,True
1511,Dipta Atwal,dipta1511@example.com,9326643223,WB,2025-05-20T00:00:00,Retail,True
1512,Kalpit Chaudhuri,kalpit1512@example.com,8981159485,TG,2026-07-12T00:00:00,SME,True
1513,Elijah Gopal,elijah1513@example.com,6223984742,OD,2025-02-06T00:00:00,Retail,True
1514,Yamini Swamy,yamini1514@example.com,8882237887,DL,2026-06-01T00:00:00,Retail,True
1515,Ekansh Rama,ekansh1515@example.com,6134956479,RJ,2025-07-18T00:00:00,Retail,True
1516,Aryan Nair,aryan1516@example.com,7949638309,AS,2024-09-23T00:00:00,Retail,True
1517,Jagdish Bedi,jagdish1517@example.com,9261662016,UP,2025-01-18T00:00:00,SME,True
1518,Yashawini Ray,yashawini1518@example.com,5786555751,TN,2024-10-21T00:00:00,SME,True
1519,Anvi Ahluwalia,anvi1519@example.com,0687586824,PB,2025-10-13T00:00:00,Retail,True
1520,Lavanya Pandit,lavanya1520@example.com,5122444189,PB,2025-04-02T00:00:00,SME,True
1521,Maanas Jaggi,maanas1521@example.com,8686083570,TN,2025-04-09T00:00:00,Retail,True
1522,Nilima Hari,nilima1522@example.com,9442386020,MP,2025-03-23T00:00:00,Retail,True
1523,Azaan Mall,azaan1523@example.com,3490961979,DL,2025-10-30T00:00:00,Retail,True
1524,Anjali Nayar,anjali1524@example.com,8413569480,AS,2025-02-08T00:00:00,Retail,True
1525,Samarth Pandya,samarth1525@example.com,7480957394,WB,2026-05-19T00:00:00,Retail,True
1526,Logan Sankaran,logan1526@example.com,2944203158,PB,2024-12-18T00:00:00,Retail,True
1527,Anay Sidhu,anay1527@example.com,4203197774,RJ,2024-12-27T00:00:00,Retail,True
1528,Jasmit Comar,jasmit1528@example.com,1864823088,BR,2025-02-01T00:00:00,SME,True
1529,Yoshita Malhotra,yoshita1529@example.com,9623326058,KL,2026-04-20T00:00:00,Retail,True
1530,Tripti Salvi,tripti1530@example.com,4831730662,UP,2026-03-24T00:00:00,Premium,True
1531,George Wagle,george1531@example.com,7882426559,KA,2025-10-05T00:00:00,SME,True
1532,Osha Dua,osha1532@example.com,2723717989,WB,2026-04-07T00:00:00,Retail,True
1533,Urishilla Bhalla,urishilla1533@example.com,6548708477,MH,2025-10-22T00:00:00,Retail,True
1534,Sai Salvi,sai1534@example.com,5539818890,PB,2025-10-28T00:00:00,Retail,True
1535,Ira Bhattacharyya,ira1535@example.com,7908945896,TG,2026-03-20T00:00:00,SME,True
1536,Yashasvi Lall,yashasvi1536@example.com,6380207612,DL,2024-09-20T00:00:00,Premium,True
1537,Pranit Contractor,pranit1537@example.com,5188129886,DL,2025-10-19T00:00:00,Retail,True
1538,Vrinda Amble,vrinda1538@example.com,6901079237,TN,2025-11-16T00:00:00,Retail,True
1539,Lila Kashyap,lila1539@example.com,4864970350,MH,2026-07-20T00:00:00,Retail,True
1540,Yasti Sachdev,yasti1540@example.com,3557077312,TG,2025-08-12T00:00:00,Retail,True
1541,Harini Basak,harini1541@example.com,7052187993,KA,2024-08-26T00:00:00,Retail,True
1542,Chaitanya Mukhopadhyay,chaitanya1542@example.com,8831141470,AS,2026-03-17T00:00:00,Retail,False
1543,Chandran Issac,chandran1543@example.com,8715689109,AS,2025-11-27T00:00:00,SME,True
1544,Chatresh Dhar,chatresh1544@example.com,4456844679,MP,2025-02-15T00:00:00,SME,True
1545,Prisha Misra,prisha1545@example.com,1632957378,AS,2026-07-31T00:00:00,Retail,True
1546,Jasmit Sethi,jasmit1546@example.com,9273186830,KA,2025-09-08T00:00:00,SME,True
1547,Jyoti Modi,jyoti1547@example.com,3324165185,DL,2025-06-09T00:00:00,Retail,True
1548,Lopa Bajwa,lopa1548@example.com,3446746215,WB,2026-07-12T00:00:00,Retail,True
1549,Fitan Sur,fitan1549@example.com,9161705022,DL,2026-01-19T00:00:00,Premium,True
1550,Ekbal Mangat,ekbal1550@example.com,3447609483,DL,2024-12-01T00:00:00,Retail,True
1551,Kabir Dass,kabir1551@example.com,4330265099,DL,2025-08-19T00:00:00,Retail,True
1552,Ojasvi Purohit,ojasvi1552@example.com,7196666102,KA,2026-03-07T00:00:00,Retail,True
1553,Owen Balay,owen1553@example.com,2234998013,PB,2025-04-11T00:00:00,Retail,True
1554,Oviya Sura,oviya1554@example.com,9017791524,WB,2025-03-28T00:00:00,Retail,True
1555,Chaaya Bala,chaaya1555@example.com,3351746564,BR,2025-05-20T00:00:00,Retail,True
1556,Leela Koshy,leela1556@example.com,2631995695,AS,2025-12-20T00:00:00,Retail,True
1557,Vedika Sarna,vedika1557@example.com,4149003850,OD,2026-08-06T00:00:00,Retail,True
1558,Sathvik Madan,sathvik1558@example.com,4867228839,KL,2025-11-15T00:00:00,Retail,True
1559,Vivaan Bhatti,vivaan1559@example.com,5461574932,KA,2025-02-18T00:00:00,SME,True
1560,Tanvi Vora,tanvi1560@example.com,9531204095,KA,2025-09-14T00:00:00,SME,True
1561,Radhika Sandal,radhika1561@example.com,8308580018,KA,2024-11-29T00:00:00,Retail,True
1562,Samuel Chad,samuel1562@example.com,1143678621,TG,2025-12-31T00:00:00,Retail,True
1563,Tanmayi Chatterjee,tanmayi1563@example.com,9685642570,MH,2025-06-06T00:00:00,Retail,True
1564,Priya Hora,priya1564@example.com,1542306002,TG,2025-12-08T00:00:00,Retail,True
1565,Gautami Nayak,gautami1565@example.com,5224114206,MH,2025-06-04T00:00:00,Retail,False
1566,Divya Borra,divya1566@example.com,5992016633,GJ,2026-01-24T00:00:00,Retail,True
1567,Laban Mall,laban1567@example.com,0539222056,PB,2026-06-12T00:00:00,Retail,True
1568,Faqid Comar,faqid1568@example.com,4843391332,AS,2025-11-21T00:00:00,Retail,True
1569,Jackson Kala,jackson1569@example.com,3945645234,KL,2025-02-01T00:00:00,SME,True
1570,Chanchal Savant,chanchal1570@example.com,0249866342,HR,2025-06-01T00:00:00,SME,False
1571,Rajeshri Setty,rajeshri1571@example.com,3498529735,HR,2025-05-28T00:00:00,Retail,True
1572,Leela Raval,leela1572@example.com,5914762538,UP,2026-08-08T00:00:00,Retail,True
1573,Charita Cheema,charita1573@example.com,7533695247,UP,2026-08-05T00:00:00,Retail,True
1574,Viraj Nigam,viraj1574@example.com,8962985324,TG,2025-01-22T00:00:00,Retail,False
1575,Chameli Chauhan,chameli1575@example.com,7127638354,PB,2026-03-21T00:00:00,Retail,True
1576,Xiti Sanghvi,xiti1576@example.com,9061682497,UP,2025-03-08T00:00:00,Retail,False
1577,Ojasvi Char,ojasvi1577@example.com,3811683710,PB,2025-07-28T00:00:00,Retail,True
1578,Urvi De,urvi1578@example.com,0720148967,UP,2026-02-07T00:00:00,Retail,True
1579,Libni Maharaj,libni1579@example.com,1214639476,MP,2026-01-03T00:00:00,SME,True
1580,Nitesh Rama,nitesh1580@example.com,5633917299,PB,2025-01-16T00:00:00,Retail,True
1581,Adweta Tiwari,adweta1581@example.com,1266497196,PB,2026-06-03T00:00:00,Retail,True
1582,Tejas Narasimhan,tejas1582@example.com,9101612590,KL,2026-03-20T00:00:00,Retail,True
1583,Bahadurjit Bumb,bahadurjit1583@example.com,3344376734,AS,2025-07-22T00:00:00,Retail,True
1584,Alka Chakrabarti,alka1584@example.com,1679301481,DL,2024-12-30T00:00:00,Retail,True
1585,Fiyaz Bakshi,fiyaz1585@example.com,4202886616,MH,2025-09-25T00:00:00,Retail,True
1586,Yatin Manne,yatin1586@example.com,1348548420,HR,2024-11-12T00:00:00,Retail,True
1587,Pavani Bhat,pavani1587@example.com,9179138601,WB,2026-03-30T00:00:00,Retail,True
1588,Warhi D’Alia,warhi1588@example.com,2194024702,RJ,2025-02-26T00:00:00,Retail,True
1589,George Dar,george1589@example.com,8745271936,AS,2026-07-04T00:00:00,Retail,True
1590,Lajita Menon,lajita1590@example.com,3913810749,MP,2025-02-25T00:00:00,Retail,True
1591,Omkaar Krish,omkaar1591@example.com,1540131535,DL,2026-06-23T00:00:00,Retail,True
1592,Qasim Rama,qasim1592@example.com,6845525274,BR,2025-08-23T00:00:00,Retail,False
1593,Barkha Sur,barkha1593@example.com,7989948856,HR,2025-08-04T00:00:00,Retail,True
1594,Dalbir Balasubramanian,dalbir1594@example.com,1956756355,KA,2025-03-18T00:00:00,Retail,True
1595,Saumya Chadha,saumya1595@example.com,2662565046,BR,2025-11-06T00:00:00,Retail,True
1596,Fitan Menon,fitan1596@example.com,1306862408,BR,2025-10-08T00:00:00,Retail,True
1597,Nisha Rege,nisha1597@example.com,4172820762,KA,2025-01-04T00:00:00,Retail,True
1598,Indali Edwin,indali1598@example.com,3282228240,PB,2024-10-16T00:00:00,Premium,True
1599,Nachiket Vora,nachiket1599@example.com,5999400410,MP,2024-11-08T00:00:00,Retail,True
1600,Vedant Pradhan,vedant1600@example.com,1350535722,RJ,2025-10-08T00:00:00,Retail,True
1601,Rajeshri Mann,rajeshri1601@example.com,5780978302,TG,2025-03-02T00:00:00,Retail,True
1602,Charita Chaudry,charita1602@example.com,5341952814,OD,2024-09-22T00:00:00,SME,True
1603,Suhani Mani,suhani1603@example.com,8021889306,KL,2025-12-28T00:00:00,Retail,True
1604,Utkarsh Shetty,utkarsh1604@example.com,2139743699,MH,2024-08-12T00:00:00,Retail,True
1605,Hemangini Tailor,hemangini1605@example.com,9940842906,OD,2024-12-15T00:00:00,Retail,True
1606,Chanchal Parmer,chanchal1606@example.com,8986061065,BR,2025-02-09T00:00:00,Retail,True
1607,Sneha Mahajan,sneha1607@example.com,7016527613,GJ,2024-09-08T00:00:00,Retail,True
1608,Dalbir Dey,dalbir1608@example.com,3084376992,KA,2026-04-15T00:00:00,Retail,True
1609,Charvi Sharaf,charvi1609@example.com,2508423242,BR,2025-05-01T00:00:00,Retail,True
1610,Azad Mahal,azad1610@example.com,7241553691,TN,2025-08-27T00:00:00,Retail,True
1611,Tara Manda,tara1611@example.com,6279602425,RJ,2025-01-23T00:00:00,Retail,True
1612,Timothy Dhawan,timothy1612@example.com,9452315828,AS,2026-07-20T00:00:00,Retail,True
1613,Anmol Dey,anmol1613@example.com,6299172174,RJ,2025-08-14T00:00:00,Retail,True
1614,Avi Mittal,avi1614@example.com,6782153926,HR,2024-09-28T00:00:00,Retail,True
1615,Abdul Randhawa,abdul1615@example.com,2503139280,KA,2026-01-18T00:00:00,Retail,True
1616,Qasim Dora,qasim1616@example.com,6190193335,TN,2026-04-15T00:00:00,SME,True
1617,Frado Bhatia,frado1617@example.com,0029561622,PB,2026-07-12T00:00:00,SME,True
1618,Devansh Varkey,devansh1618@example.com,5940799230,HR,2024-11-16T00:00:00,Retail,True
1619,Vivaan Butala,vivaan1619@example.com,7781456474,TG,2024-08-23T00:00:00,Retail,True
1620,Chakrika Pandit,chakrika1620@example.com,9117766650,OD,2025-10-05T00:00:00,Retail,True
1621,Ekalinga Dass,ekalinga1621@example.com,9281578061,TN,2025-03-21T00:00:00,Retail,True
1622,Yatan Biswas,yatan1622@example.com,6787067635,WB,2026-03-05T00:00:00,Retail,True
1623,Vedika Dasgupta,vedika1623@example.com,9212684856,TN,2025-10-11T00:00:00,Retail,True
1624,Bhavika Doshi,bhavika1624@example.com,3000375398,TG,2024-08-27T00:00:00,Retail,True
1625,Sarthak Dhar,sarthak1625@example.com,6598669327,HR,2024-12-30T00:00:00,SME,True
1626,Saksham Taneja,saksham1626@example.com,5915382011,PB,2025-02-02T00:00:00,Retail,False
1627,Nihal Sangha,nihal1627@example.com,4267351272,TN,2025-03-25T00:00:00,Retail,True
1628,Yuvraj Suresh,yuvraj1628@example.com,6569764878,GJ,2025-06-20T00:00:00,Retail,True
1629,Nitesh Mallick,nitesh1629@example.com,5104625069,KA,2025-10-19T00:00:00,Retail,True
1630,Leela Walla,leela1630@example.com,1206276729,KA,2024-08-29T00:00:00,SME,True
1631,Tanveer Kurian,tanveer1631@example.com,2129146502,DL,2025-02-27T00:00:00,Retail,True
1632,Triya Ahuja,triya1632@example.com,5797251840,DL,2025-12-03T00:00:00,Retail,True
1633,Krish Chander,krish1633@example.com,7823372094,KA,2025-06-14T00:00:00,Retail,True
1634,Mugdha Saxena,mugdha1634@example.com,6363286301,TN,2026-04-18T00:00:00,Retail,True
1635,Chandran Vasa,chandran1635@example.com,8426483336,UP,2026-06-27T00:00:00,Retail,True
1636,Yashodhara Ganesan,yashodhara1636@example.com,7136054946,RJ,2026-03-26T00:00:00,Retail,True
1637,Oni Mammen,oni1637@example.com,1324951935,GJ,2026-01-09T00:00:00,Retail,True
1638,Garima Manne,garima1638@example.com,1758080388,MH,2026-02-02T00:00:00,Retail,True
1639,Ekansh Bhat,ekansh1639@example.com,0431566851,KL,2025-02-01T00:00:00,Premium,True
1640,Anvi Varma,anvi1640@example.com,7475580309,TN,2025-03-17T00:00:00,Premium,True
1641,Lakshmi Manda,lakshmi1641@example.com,1778401902,OD,2025-08-20T00:00:00,Retail,True
1642,Veda Chauhan,veda1642@example.com,1158668611,TN,2025-02-11T00:00:00,SME,True
1643,Reva Parekh,reva1643@example.com,3261705058,BR,2025-03-17T00:00:00,Retail,True
1644,Ishanvi Zacharia,ishanvi1644@example.com,9565728535,PB,2024-12-14T00:00:00,Retail,True
1645,Barkha Dutta,barkha1645@example.com,6217758015,OD,2025-08-14T00:00:00,Retail,True
1646,Vedhika Joshi,vedhika1646@example.com,3028532727,DL,2024-11-02T00:00:00,Retail,True
1647,Aadhya Nadig,aadhya1647@example.com,5025285461,KL,2025-11-20T00:00:00,Retail,True
1648,Rayaan Amble,rayaan1648@example.com,2073827777,AS,2025-03-29T00:00:00,Retail,True
1649,Logan Nagar,logan1649@example.com,7863090071,BR,2025-02-19T00:00:00,SME,True
1650,Arya Dhaliwal,arya1650@example.com,4473057771,OD,2026-07-06T00:00:00,Retail,False
1651,Hritik Puri,hritik1651@example.com,9656676409,OD,2026-06-29T00:00:00,Retail,True
1652,Robert Mani,robert1652@example.com,0095224265,KA,2024-12-10T00:00:00,Retail,True
1653,Qabil Datta,qabil1653@example.com,9143907054,TN,2025-01-29T00:00:00,Retail,True
1654,Ishaan Natt,ishaan1654@example.com,9115010162,PB,2025-03-03T00:00:00,Retail,True
1655,Krish Rattan,krish1655@example.com,8934759783,TN,2025-04-05T00:00:00,SME,True
1656,Ishita Swamy,ishita1656@example.com,9214967914,RJ,2026-08-10T00:00:00,SME,True
1657,Lila Mander,lila1657@example.com,2031726652,MP,2025-08-09T00:00:00,Retail,True
1658,Gauri Lalla,gauri1658@example.com,7240002086,MP,2025-12-19T00:00:00,Retail,True
1659,Anay Nagarajan,anay1659@example.com,9085432716,AS,2024-11-28T00:00:00,Retail,True
1660,Ekaja Salvi,ekaja1660@example.com,6930100090,GJ,2026-05-15T00:00:00,Premium,False
1661,Dominic Sawhney,dominic1661@example.com,0480283541,DL,2024-10-18T00:00:00,Retail,False
1662,Chandresh Karpe,chandresh1662@example.com,4376613662,UP,2025-09-05T00:00:00,Retail,True
1663,Logan Devan,logan1663@example.com,8159474705,KL,2026-05-08T00:00:00,Retail,True
1664,Ikshita Kala,ikshita1664@example.com,0967397984,OD,2025-11-30T00:00:00,Retail,True
1665,Darika Dey,darika1665@example.com,9376501676,OD,2026-01-08T00:00:00,Retail,True
1666,Varenya Rao,varenya1666@example.com,8836368850,MH,2024-09-11T00:00:00,Premium,True
1667,Neelima Gera,neelima1667@example.com,2666788093,TN,2025-09-06T00:00:00,Retail,True
1668,Ekta Gara,ekta1668@example.com,8989074993,AS,2025-11-23T00:00:00,Retail,True
1669,Krishna Naik,krishna1669@example.com,9777265976,KL,2026-08-03T00:00:00,Retail,True
1670,Kala Wali,kala1670@example.com,5014171657,KL,2025-09-12T00:00:00,Retail,True
1671,Liam Pandey,liam1671@example.com,5188711486,OD,2026-06-16T00:00:00,Retail,True
1672,Aayush Gour,aayush1672@example.com,4928787570,OD,2025-12-10T00:00:00,Retail,True
1673,Andrew Dasgupta,andrew1673@example.com,2501860742,DL,2025-09-14T00:00:00,Retail,True
1674,Manthan Golla,manthan1674@example.com,3369318062,MP,2026-05-03T00:00:00,Retail,True
1675,Anmol Deshpande,anmol1675@example.com,2662497537,KL,2025-07-04T00:00:00,Retail,True
1676,George Malhotra,george1676@example.com,6956740687,TG,2025-08-20T00:00:00,Retail,True
1677,Kashish Kanda,kashish1677@example.com,5146688658,MH,2026-05-12T00:00:00,Retail,True
1678,Chaman Karnik,chaman1678@example.com,8626736648,HR,2025-08-10T00:00:00,Retail,True
1679,Triveni Solanki,triveni1679@example.com,8708943269,GJ,2025-04-20T00:00:00,Retail,True
1680,Yagnesh Sani,yagnesh1680@example.com,8050450509,KA,2026-07-15T00:00:00,Retail,True
1681,Ubika Gandhi,ubika1681@example.com,0734293907,PB,2025-01-30T00:00:00,Retail,True
1682,Divya Madan,divya1682@example.com,0380162585,AS,2026-06-14T00:00:00,SME,True
1683,Aayush Mital,aayush1683@example.com,0281435312,BR,2025-05-10T00:00:00,Retail,True
1684,Udarsh Swamy,udarsh1684@example.com,3111235904,MH,2025-06-30T00:00:00,Retail,True
1685,Triveni Lalla,triveni1685@example.com,8662510857,TN,2025-12-23T00:00:00,Retail,True
1686,Ijaya Master,ijaya1686@example.com,1460919351,PB,2025-12-31T00:00:00,Retail,True
1687,Ishita Munshi,ishita1687@example.com,7062728167,PB,2025-01-27T00:00:00,Retail,True
1688,Lekha Chandran,lekha1688@example.com,1575626412,BR,2025-03-04T00:00:00,Retail,True
1689,Jagat Vaidya,jagat1689@example.com,6209906931,KA,2026-02-09T00:00:00,Retail,True
1690,Wahab Nayar,wahab1690@example.com,6704505998,KL,2026-03-20T00:00:00,Retail,True
1691,Vedant Chaudhry,vedant1691@example.com,3438880485,KA,2026-03-25T00:00:00,Retail,True
1692,Maanav Pingle,maanav1692@example.com,6450282313,KA,2026-03-13T00:00:00,SME,True
1693,Kamala Sathe,kamala1693@example.com,7299115490,WB,2025-07-31T00:00:00,SME,True
1694,Samaksh Mistry,samaksh1694@example.com,6953102977,KL,2026-01-08T00:00:00,SME,True
1695,Nikita Din,nikita1695@example.com,7926517328,PB,2025-03-02T00:00:00,Retail,True
1696,Chatresh Thakur,chatresh1696@example.com,3922198369,AS,2026-06-28T00:00:00,SME,True
1697,Triveni Saran,triveni1697@example.com,1052987707,MH,2026-05-14T00:00:00,Retail,True
1698,Kashvi Hegde,kashvi1698@example.com,4450020268,OD,2025-03-16T00:00:00,Retail,True
1699,Tanay Mukherjee,tanay1699@example.com,0295867603,AS,2025-05-11T00:00:00,Premium,True
1700,Anjali Reddy,anjali1700@example.com,5418236881,BR,2026-03-12T00:00:00,Retail,True
1701,Sanya Gera,sanya1701@example.com,0513346018,WB,2025-08-18T00:00:00,Retail,True
1702,Guneet Keer,guneet1702@example.com,5320831681,KL,2025-10-29T00:00:00,Retail,True
1703,Wazir Yogi,wazir1703@example.com,7369078947,KA,2026-05-21T00:00:00,Retail,True
1704,Brijesh Bajaj,brijesh1704@example.com,2141070716,KL,2026-06-02T00:00:00,Retail,True
1705,Ayaan Walia,ayaan1705@example.com,1237085119,GJ,2025-09-29T00:00:00,Retail,True
1706,Janaki Lad,janaki1706@example.com,6972965561,MH,2025-04-18T00:00:00,SME,True
1707,Wishi Brar,wishi1707@example.com,7718862639,OD,2026-03-06T00:00:00,Premium,True
1708,Neelima Raj,neelima1708@example.com,8305573713,DL,2025-03-04T00:00:00,Retail,True
1709,Chakradhar Gandhi,chakradhar1709@example.com,3461446627,RJ,2025-05-21T00:00:00,Retail,True
1710,Chaman Choudhry,chaman1710@example.com,7614215248,DL,2025-12-20T00:00:00,SME,True
1711,Oviya Johal,oviya1711@example.com,4704656896,KA,2025-06-27T00:00:00,Retail,True
1712,Tarak Purohit,tarak1712@example.com,0048379363,BR,2025-08-17T00:00:00,Retail,True
1713,Maanav Comar,maanav1713@example.com,7065934104,MP,2024-12-31T00:00:00,Retail,True
1714,Finn Seth,finn1714@example.com,2824718301,TN,2026-01-26T00:00:00,Retail,True
1715,Chatresh Srinivasan,chatresh1715@example.com,7898497499,RJ,2025-12-31T00:00:00,SME,True
1716,Diya Edwin,diya1716@example.com,1711486565,TN,2025-06-26T00:00:00,Retail,True
1717,Aditya Sant,aditya1717@example.com,7356316312,MP,2025-04-08T00:00:00,Premium,True
1718,Saumya Gokhale,saumya1718@example.com,1694963788,TN,2025-02-05T00:00:00,Retail,True
1719,Chatresh Ramanathan,chatresh1719@example.com,0130716753,BR,2025-04-27T00:00:00,SME,True
1720,Robert Sama,robert1720@example.com,3179854900,HR,2026-07-27T00:00:00,Premium,True
1721,Vamakshi Gade,vamakshi1721@example.com,4585835639,BR,2025-12-09T00:00:00,Retail,True
1722,Vasatika Mallick,vasatika1722@example.com,9225517419,TG,2025-08-16T00:00:00,Retail,True
1723,Aachal Tak,aachal1723@example.com,2123601863,KL,2024-08-31T00:00:00,Retail,True
1724,Aarna Chaudhari,aarna1724@example.com,8453156309,DL,2026-06-19T00:00:00,SME,True
1725,Geetika Batra,geetika1725@example.com,4598724089,GJ,2025-04-26T00:00:00,Retail,True
1726,Veda Guha,veda1726@example.com,1668113397,HR,2026-07-12T00:00:00,Retail,True
1727,Vanya Deshpande,vanya1727@example.com,7340242224,AS,2025-09-11T00:00:00,Retail,True
1728,Darsh Sabharwal,darsh1728@example.com,2365401814,RJ,2025-06-14T00:00:00,Retail,True
1729,Anika Dugal,anika1729@example.com,2435094765,GJ,2025-06-10T00:00:00,Retail,True
1730,Dhruv Nayar,dhruv1730@example.com,4099414753,AS,2026-05-18T00:00:00,Retail,True
1731,Reyansh Sibal,reyansh1731@example.com,5424519082,BR,2024-09-13T00:00:00,Retail,True
1732,Ryan Nadkarni,ryan1732@example.com,5942992023,OD,2025-12-05T00:00:00,Retail,True
1733,Pallavi Ghose,pallavi1733@example.com,9533861941,PB,2025-10-16T00:00:00,SME,True
1734,Vihaan Mody,vihaan1734@example.com,4240662834,UP,2026-07-26T00:00:00,Retail,True
1735,Zansi Yohannan,zansi1735@example.com,3437518669,BR,2026-04-18T00:00:00,Retail,True
1736,Janaki Mani,janaki1736@example.com,4382692855,PB,2025-11-17T00:00:00,Retail,True
1737,Harini Bains,harini1737@example.com,2889594703,UP,2026-05-17T00:00:00,Retail,True
1738,Bhanumati Narain,bhanumati1738@example.com,5917650471,MH,2025-09-24T00:00:00,Retail,True
1739,Baljiwan Oak,baljiwan1739@example.com,2887344966,KA,2024-12-01T00:00:00,Retail,True
1740,Aarna Shan,aarna1740@example.com,6170690149,TG,2026-04-10T00:00:00,Retail,True
1741,Tanveer Viswanathan,tanveer1741@example.com,7156756650,PB,2025-11-15T00:00:00,Retail,True
1742,Anmol Char,anmol1742@example.com,7449234359,RJ,2025-02-03T00:00:00,Retail,True
1743,Anirudh Mall,anirudh1743@example.com,0566937540,KL,2025-03-01T00:00:00,Retail,True
1744,Ekbal Sinha,ekbal1744@example.com,5714025038,MP,2025-08-31T00:00:00,Premium,True
1745,Krisha Mitra,krisha1745@example.com,6384936806,GJ,2024-08-31T00:00:00,Premium,True
1746,Timothy Bahl,timothy1746@example.com,0127896951,GJ,2024-11-09T00:00:00,Premium,True
1747,Yahvi Pillay,yahvi1747@example.com,7758670365,UP,2024-09-29T00:00:00,Retail,True
1748,Pahal Kale,pahal1748@example.com,4439468963,RJ,2025-01-09T00:00:00,Retail,True
1749,Matthew Hayre,matthew1749@example.com,5761707317,TN,2024-08-24T00:00:00,Retail,True
1750,Triya Sangha,triya1750@example.com,6263678508,AS,2026-06-30T00:00:00,Retail,True
1751,Warhi Lanka,warhi1751@example.com,5944348529,WB,2025-02-21T00:00:00,Premium,True
1752,Zehaan Bala,zehaan1752@example.com,7676874042,RJ,2025-05-31T00:00:00,Retail,True
1753,Isha Buch,isha1753@example.com,9753411573,BR,2025-03-09T00:00:00,Retail,True
1754,Bachittar Batra,bachittar1754@example.com,0656582344,KL,2026-07-04T00:00:00,Retail,True
1755,Pahal Pau,pahal1755@example.com,5232660004,TG,2024-09-08T00:00:00,Retail,True
1756,Ekaraj Bhasin,ekaraj1756@example.com,4956119989,AS,2025-04-21T00:00:00,Retail,True
1757,Gabriel Chaudry,gabriel1757@example.com,8374661447,AS,2024-11-05T00:00:00,Retail,True
1758,Yasti Sur,yasti1758@example.com,4796668290,PB,2026-07-20T00:00:00,Retail,True
1759,Hemal Prasad,hemal1759@example.com,8914233029,MP,2026-08-05T00:00:00,Retail,True
1760,Anay Mutti,anay1760@example.com,7398622140,KA,2024-11-15T00:00:00,Retail,True
1761,Lipika Puri,lipika1761@example.com,4747338914,GJ,2025-12-05T00:00:00,Premium,True
1762,Advika Shah,advika1762@example.com,4203594410,DL,2024-08-15T00:00:00,Retail,True
1763,Upkaar Parikh,upkaar1763@example.com,8664774131,KL,2025-09-18T00:00:00,Retail,True
1764,Abhiram Dhaliwal,abhiram1764@example.com,8534658153,DL,2026-03-27T00:00:00,Retail,True
1765,Oliver Dani,oliver1765@example.com,8955990984,OD,2025-07-23T00:00:00,SME,True
1766,Ganga Patel,ganga1766@example.com,6759238319,PB,2026-08-07T00:00:00,Retail,True
1767,Benjamin Bhakta,benjamin1767@example.com,8146342924,TN,2025-06-26T00:00:00,Retail,True
1768,Ubika Khurana,ubika1768@example.com,9121852734,RJ,2025-08-14T00:00:00,Premium,True
1769,Gaurang Hegde,gaurang1769@example.com,1555301530,RJ,2026-04-29T00:00:00,SME,True
1770,Advaith Sengupta,advaith1770@example.com,8110965984,PB,2025-10-30T00:00:00,SME,True
1771,Rachana Khanna,rachana1771@example.com,5418299126,OD,2025-01-11T00:00:00,Retail,True
1772,Michael Bhakta,michael1772@example.com,4191061669,AS,2024-10-03T00:00:00,Retail,True
1773,Nathaniel Krishna,nathaniel1773@example.com,1682682217,UP,2024-09-15T00:00:00,Retail,True
1774,Lakshmi Dhingra,lakshmi1774@example.com,8347910059,AS,2025-10-30T00:00:00,Retail,True
1775,Kai Deo,kai1775@example.com,0322007485,OD,2024-09-20T00:00:00,Retail,True
1776,Rayaan Sheth,rayaan1776@example.com,2951452058,OD,2025-11-21T00:00:00,Retail,True
1777,Amol Rai,amol1777@example.com,4802240654,TG,2024-12-14T00:00:00,Retail,True
1778,Harita Barman,harita1778@example.com,4189856643,KL,2025-02-10T00:00:00,SME,True
1779,Irya Sankar,irya1779@example.com,3887888765,RJ,2026-03-09T00:00:00,SME,True
1780,Ethan Jha,ethan1780@example.com,0622901138,MH,2026-01-30T00:00:00,SME,True
1781,Aradhana Sekhon,aradhana1781@example.com,9903803514,KA,2025-04-19T00:00:00,SME,True
1782,Om Mann,om1782@example.com,1914790534,PB,2024-09-05T00:00:00,Retail,True
1783,Jagrati Chander,jagrati1783@example.com,7309532670,TN,2025-09-17T00:00:00,Retail,True
1784,Odika Narula,odika1784@example.com,2925822828,TN,2025-07-07T00:00:00,Retail,True
1785,Mitesh Korpal,mitesh1785@example.com,3068856846,OD,2025-11-17T00:00:00,Retail,True
1786,Mohini Mallick,mohini1786@example.com,8374495975,MH,2025-07-13T00:00:00,Premium,True
1787,Sai Bumb,sai1787@example.com,5559289748,AS,2025-07-08T00:00:00,Premium,True
1788,Bishakha Vyas,bishakha1788@example.com,2675119976,TG,2025-03-14T00:00:00,SME,True
1789,Niharika Parekh,niharika1789@example.com,1564196789,KL,2025-07-06T00:00:00,SME,True
1790,Samuel Panchal,samuel1790@example.com,0163015972,MP,2024-11-12T00:00:00,Retail,True
1791,Avni Kale,avni1791@example.com,9276680984,MP,2024-11-09T00:00:00,Retail,True
1792,Anvi Anand,anvi1792@example.com,3480153735,MP,2025-09-26T00:00:00,Retail,True
1793,Hemang Pal,hemang1793@example.com,4460539260,TG,2024-12-11T00:00:00,Retail,True
1794,Neha Devi,neha1794@example.com,2053649911,KL,2026-07-12T00:00:00,Retail,True
1795,Nilima Saxena,nilima1795@example.com,8502155383,TN,2025-08-21T00:00:00,Retail,True
1796,Ekaja Dewan,ekaja1796@example.com,2626439567,MP,2025-12-10T00:00:00,Retail,True
1797,Aarnav Sehgal,aarnav1797@example.com,7519919817,KA,2025-10-16T00:00:00,SME,True
1798,Michael Malhotra,michael1798@example.com,1492531649,BR,2026-05-17T00:00:00,Retail,False
1799,Zansi Nayar,zansi1799@example.com,4776565907,PB,2025-11-27T00:00:00,Retail,True
1800,Adya Kade,adya1800@example.com,3687715692,TG,2025-12-30T00:00:00,Retail,True
1801,Chatura Sur,chatura1801@example.com,3415359771,KA,2025-06-03T00:00:00,Retail,True
1802,Gauri Krishnan,gauri1802@example.com,7349431487,OD,2025-06-13T00:00:00,Retail,True
1803,Upadhriti Tella,upadhriti1803@example.com,6413547416,KL,2025-04-21T00:00:00,Retail,True
1804,Tanish Murthy,tanish1804@example.com,3285558095,DL,2026-02-25T00:00:00,Retail,False
1805,Janaki Thaker,janaki1805@example.com,6602841362,TN,2026-01-14T00:00:00,Retail,True
1806,Aarav Mital,aarav1806@example.com,7146971479,RJ,2025-08-08T00:00:00,Retail,True
1807,Ikshita Nagarajan,ikshita1807@example.com,0837456017,MH,2024-12-04T00:00:00,Retail,True
1808,Harrison Bahl,harrison1808@example.com,7590017067,UP,2025-09-16T00:00:00,Retail,True
1809,Vrinda Sankaran,vrinda1809@example.com,8551621593,KL,2025-06-27T00:00:00,Retail,True
1810,Neelima Krish,neelima1810@example.com,3673558960,AS,2026-05-10T00:00:00,SME,True
1811,Kiaan Walla,kiaan1811@example.com,4133513901,UP,2025-03-14T00:00:00,Retail,True
1812,Dayita Gala,dayita1812@example.com,4936635796,RJ,2026-06-30T00:00:00,Retail,True
1813,Rohan Apte,rohan1813@example.com,7356582608,MH,2025-09-18T00:00:00,Retail,True
1814,Warjas Sinha,warjas1814@example.com,1288669112,OD,2025-11-24T00:00:00,Retail,True
1815,Aishani Ganesan,aishani1815@example.com,2611978925,OD,2025-06-16T00:00:00,Retail,True
1816,Siya Lalla,siya1816@example.com,6532554411,HR,2026-07-18T00:00:00,Retail,True
1817,Frederick Kala,frederick1817@example.com,7380520388,MP,2025-06-15T00:00:00,Retail,True
1818,Pushti Varghese,pushti1818@example.com,1847146220,WB,2024-12-02T00:00:00,SME,True
1819,Rushil Kibe,rushil1819@example.com,4011272836,WB,2024-09-06T00:00:00,Retail,True
1820,Megha Manne,megha1820@example.com,7090676183,GJ,2025-10-30T00:00:00,SME,True
1821,Aarnav Subramanian,aarnav1821@example.com,7162172048,WB,2024-11-06T00:00:00,Retail,True
1822,Chandani Chauhan,chandani1822@example.com,9303264564,OD,2025-10-16T00:00:00,Retail,True
1823,Ikbal Chacko,ikbal1823@example.com,0539064909,TG,2026-07-30T00:00:00,Retail,True
1824,Kalpit Nayar,kalpit1824@example.com,9701815891,MH,2025-11-13T00:00:00,Retail,True
1825,Mahika Shetty,mahika1825@example.com,7421531936,MP,2024-10-01T00:00:00,Retail,True
1826,Aarush Dey,aarush1826@example.com,1690887548,BR,2025-10-09T00:00:00,SME,True
1827,Rushil Pillai,rushil1827@example.com,8439106573,KL,2024-09-16T00:00:00,Retail,True
1828,Hamsini Kulkarni,hamsini1828@example.com,9351021401,OD,2025-04-04T00:00:00,Retail,True
1829,Gabriel Narayanan,gabriel1829@example.com,8979903597,BR,2026-03-23T00:00:00,Retail,True
1830,Vedika Bala,vedika1830@example.com,0568709412,BR,2025-12-07T00:00:00,Retail,True
1831,Girik Ramanathan,girik1831@example.com,8389533768,HR,2025-11-12T00:00:00,Retail,False
1832,Netra Shankar,netra1832@example.com,6006434597,KL,2025-02-22T00:00:00,Retail,True
1833,Chaitanya Kari,chaitanya1833@example.com,2496757451,GJ,2026-04-03T00:00:00,Premium,True
1834,Caleb Mitter,caleb1834@example.com,3181560542,AS,2024-12-22T00:00:00,SME,True
1835,Chandani Sood,chandani1835@example.com,1110797647,MP,2025-10-10T00:00:00,SME,True
1836,Harita Shenoy,harita1836@example.com,8972269348,HR,2025-12-06T00:00:00,SME,True
1837,Advaith Tripathi,advaith1837@example.com,6856066992,WB,2025-05-26T00:00:00,Retail,True
1838,Nimrat Soni,nimrat1838@example.com,9777795703,OD,2024-12-20T00:00:00,Retail,True
1839,Krisha Kapoor,krisha1839@example.com,7927110735,OD,2024-11-21T00:00:00,SME,True
1840,Orinder Grover,orinder1840@example.com,6824323330,OD,2025-06-16T00:00:00,Retail,True
1841,Zayyan Mammen,zayyan1841@example.com,0606943069,MH,2025-08-12T00:00:00,SME,True
1842,Raksha Yogi,raksha1842@example.com,5294128537,UP,2025-02-04T00:00:00,SME,True
1843,Zehaan Wali,zehaan1843@example.com,4875311980,DL,2024-10-14T00:00:00,Retail,True
1844,Deepa Dhar,deepa1844@example.com,5376425507,GJ,2024-12-11T00:00:00,Retail,True
1845,Mekhala Bala,mekhala1845@example.com,0392213170,PB,2025-08-08T00:00:00,SME,True
1846,Oeshi Joshi,oeshi1846@example.com,8798728731,RJ,2025-01-11T00:00:00,SME,True
1847,Nilima Ghose,nilima1847@example.com,7964416033,TN,2026-08-03T00:00:00,Retail,True
1848,Urishilla Agrawal,urishilla1848@example.com,5102874512,AS,2024-12-01T00:00:00,Premium,True
1849,Fitan Suresh,fitan1849@example.com,4541648792,TN,2026-03-08T00:00:00,Retail,True
1850,Ojasvi Deep,ojasvi1850@example.com,5015269744,TN,2025-03-08T00:00:00,Premium,True
1851,Christopher Srivastava,christopher1851@example.com,4833095872,KL,2026-08-05T00:00:00,Retail,True
1852,Advaith Sandhu,advaith1852@example.com,1457923267,TN,2025-01-14T00:00:00,Retail,True
1853,Xiti Chaudhry,xiti1853@example.com,0150196797,TG,2024-12-13T00:00:00,SME,True
1854,Inaya Borah,inaya1854@example.com,0182852332,BR,2024-08-16T00:00:00,Retail,True
1855,Rudra Sood,rudra1855@example.com,8291585511,PB,2025-05-30T00:00:00,Retail,True
1856,Fiyaz Mandal,fiyaz1856@example.com,0757414248,HR,2025-10-08T00:00:00,Retail,True
1857,Nathan Rajan,nathan1857@example.com,5918831249,TG,2026-02-03T00:00:00,Retail,True
1858,Triya Srinivasan,triya1858@example.com,4434354978,BR,2025-10-07T00:00:00,Premium,True
1859,Janaki Soni,janaki1859@example.com,5643802990,HR,2024-09-09T00:00:00,Retail,True
1860,Chaman Dass,chaman1860@example.com,7960009409,KA,2024-11-04T00:00:00,Retail,True
1861,Vedant Sridhar,vedant1861@example.com,2426622549,UP,2025-10-28T00:00:00,Retail,True
1862,Vihaan Bera,vihaan1862@example.com,4015273117,TG,2026-03-21T00:00:00,Retail,True
1863,Dominic Kuruvilla,dominic1863@example.com,5690018429,KL,2025-10-13T00:00:00,Retail,True
1864,Saumya Mohan,saumya1864@example.com,2983596677,KL,2025-06-27T00:00:00,Premium,False
1865,Om Ganesan,om1865@example.com,2473650032,RJ,2026-02-01T00:00:00,Retail,True
1866,Christopher Sankaran,christopher1866@example.com,7614427873,MP,2025-11-09T00:00:00,Retail,True
1867,Bhanumati Goda,bhanumati1867@example.com,1697920675,AS,2026-07-25T00:00:00,Retail,True
1868,Damini Kashyap,damini1868@example.com,9045392528,MP,2025-02-28T00:00:00,SME,True
1869,Tanmayi Hora,tanmayi1869@example.com,8133073453,PB,2025-09-13T00:00:00,Retail,True
1870,Pallavi Mukherjee,pallavi1870@example.com,2247409853,TG,2026-01-24T00:00:00,Premium,True
1871,Victor Palan,victor1871@example.com,5160232510,KA,2026-01-15T00:00:00,Retail,True
1872,Ekta Warrior,ekta1872@example.com,0940422456,UP,2024-09-02T00:00:00,Retail,True
1873,Kamya Pradhan,kamya1873@example.com,2538078191,RJ,2025-04-14T00:00:00,SME,True
1874,Udant Mukherjee,udant1874@example.com,1971575571,BR,2026-01-09T00:00:00,Retail,True
1875,Yutika Deep,yutika1875@example.com,6306162185,HR,2025-05-02T00:00:00,Retail,True
1876,Aditya Acharya,aditya1876@example.com,6150420598,DL,2026-06-07T00:00:00,Premium,True
1877,Sanaya Sharma,sanaya1877@example.com,4336080901,MH,2025-11-17T00:00:00,Retail,True
1878,Gopal Bedi,gopal1878@example.com,9278888189,GJ,2025-08-03T00:00:00,Retail,True
1879,Ishwar Raju,ishwar1879@example.com,8816878518,TG,2025-08-31T00:00:00,Retail,True
1880,Inaya Banik,inaya1880@example.com,5688267280,PB,2026-01-20T00:00:00,Retail,True
1881,Naksh Agarwal,naksh1881@example.com,4723735640,HR,2025-11-18T00:00:00,Retail,True
1882,Tristan Bawa,tristan1882@example.com,9789995145,BR,2024-11-01T00:00:00,Retail,True
1883,Nisha Shenoy,nisha1883@example.com,4674906688,TG,2025-12-10T00:00:00,Retail,True
1884,Geetika Swamy,geetika1884@example.com,1645605956,MP,2026-04-04T00:00:00,Retail,True
1885,Yahvi Bava,yahvi1885@example.com,3920025856,RJ,2026-03-31T00:00:00,Retail,True
1886,Vansha Subramaniam,vansha1886@example.com,0316787192,AS,2026-07-16T00:00:00,Premium,True
1887,Vasana Dube,vasana1887@example.com,1240254550,BR,2025-01-23T00:00:00,Retail,True
1888,Yashica Bansal,yashica1888@example.com,9767388724,AS,2024-12-20T00:00:00,Premium,True
1889,Agastya Jain,agastya1889@example.com,3830009143,TN,2026-07-22T00:00:00,Retail,True
1890,Upkaar Badami,upkaar1890@example.com,4179965466,UP,2026-03-05T00:00:00,Retail,True
1891,Robert Parmer,robert1891@example.com,8962252756,BR,2024-11-30T00:00:00,Retail,True
1892,Zaid Barad,zaid1892@example.com,3405677125,DL,2026-01-27T00:00:00,Retail,True
1893,Adweta Chaudry,adweta1893@example.com,8051666081,HR,2025-06-16T00:00:00,Retail,False
1894,Vinaya Vyas,vinaya1894@example.com,4790986361,TG,2025-01-02T00:00:00,SME,True
1895,Ekantika Manda,ekantika1895@example.com,4202248248,KL,2025-05-27T00:00:00,Retail,True
1896,Yash Shenoy,yash1896@example.com,7145031180,OD,2024-08-12T00:00:00,Retail,True
1897,Adya Dara,adya1897@example.com,9606104718,DL,2025-10-11T00:00:00,Retail,True
1898,Divya Radhakrishnan,divya1898@example.com,4768834103,AS,2025-07-21T00:00:00,SME,True
1899,Rudra Boase,rudra1899@example.com,1814051325,TG,2024-12-29T00:00:00,Retail,True
1900,Dayita Muni,dayita1900@example.com,0856094067,AS,2026-06-24T00:00:00,Retail,True
1901,Simon Biswas,simon1901@example.com,3145645722,PB,2024-11-09T00:00:00,SME,True
1902,Chatura Sha,chatura1902@example.com,0337449998,BR,2025-09-10T00:00:00,Retail,True
1903,Yatin Chhabra,yatin1903@example.com,6941264106,DL,2026-06-27T00:00:00,SME,True
1904,Shravya Panchal,shravya1904@example.com,1805763101,KA,2025-01-26T00:00:00,Retail,True
1905,Gaurangi Merchant,gaurangi1905@example.com,1253606400,KL,2026-03-07T00:00:00,Retail,True
1906,Ucchal Mital,ucchal1906@example.com,9894848170,KA,2025-02-23T00:00:00,Premium,True
1907,Chatresh Shah,chatresh1907@example.com,0177375949,DL,2026-03-16T00:00:00,Retail,True
1908,Harshil Choudhry,harshil1908@example.com,7196004902,MH,2024-12-11T00:00:00,Retail,True
1909,Gabriel Parikh,gabriel1909@example.com,9674333849,MH,2025-05-18T00:00:00,SME,True
1910,Veer Chopra,veer1910@example.com,0335300499,AS,2024-11-04T00:00:00,SME,True
1911,Ijaya Kala,ijaya1911@example.com,1977317394,MP,2026-04-05T00:00:00,Retail,True
1912,Max Hayre,max1912@example.com,8653927687,MH,2025-07-24T00:00:00,Retail,True
1913,Anusha Iyer,anusha1913@example.com,7967060558,PB,2025-09-05T00:00:00,Retail,True
1914,Turvi Dass,turvi1914@example.com,1625069893,TN,2026-02-15T00:00:00,Retail,True
1915,Nandini Joshi,nandini1915@example.com,0145570393,RJ,2024-11-09T00:00:00,Retail,True
1916,Megha Rao,megha1916@example.com,5529050926,UP,2024-10-09T00:00:00,Retail,True
1917,Indrajit Bhakta,indrajit1917@example.com,5616197384,MH,2026-08-10T00:00:00,Retail,True
1918,Liam Chahal,liam1918@example.com,0088238469,PB,2025-01-02T00:00:00,Retail,True
1919,Vanya Datta,vanya1919@example.com,3104481773,MP,2024-12-11T00:00:00,Retail,True
1920,Ekaraj Devi,ekaraj1920@example.com,1882206318,GJ,2025-12-27T00:00:00,Retail,True
1921,Leena Bhatnagar,leena1921@example.com,0236416936,TN,2025-05-12T00:00:00,Retail,True
1922,Odika Shere,odika1922@example.com,4032391932,BR,2024-10-16T00:00:00,Retail,True
1923,Neelima Sha,neelima1923@example.com,2693794999,GJ,2024-08-29T00:00:00,Retail,True
1924,Qasim Sachdeva,qasim1924@example.com,4484368681,TN,2025-04-19T00:00:00,SME,True
1925,Timothy Batra,timothy1925@example.com,4098058771,TG,2025-06-17T00:00:00,Retail,True
1926,Lipika Ganesan,lipika1926@example.com,8790259120,WB,2025-01-02T00:00:00,Retail,True
1927,Om Dada,om1927@example.com,2660323584,GJ,2026-02-11T00:00:00,Premium,True
1928,Ekaja Padmanabhan,ekaja1928@example.com,7379395795,AS,2024-09-21T00:00:00,Retail,True
1929,Aachal Seth,aachal1929@example.com,1117367038,KL,2026-06-09T00:00:00,Premium,False
1930,Ubika Sankar,ubika1930@example.com,1258423300,OD,2025-05-16T00:00:00,Retail,True
1931,Zaid Balay,zaid1931@example.com,9248287321,MP,2025-08-04T00:00:00,SME,True
1932,Fiyaz Garg,fiyaz1932@example.com,3654852207,KL,2024-09-25T00:00:00,Retail,True
1933,Arin Merchant,arin1933@example.com,8741627963,KA,2025-06-13T00:00:00,Retail,True
1934,Falak Pandit,falak1934@example.com,1005108194,TG,2026-03-02T00:00:00,Premium,True
1935,Pushti Ghose,pushti1935@example.com,0036072235,WB,2026-04-27T00:00:00,Retail,True
1936,Aarnav Gupta,aarnav1936@example.com,2437539169,PB,2026-05-22T00:00:00,Retail,True
1937,Ojasvi Randhawa,ojasvi1937@example.com,1669687403,AS,2025-05-16T00:00:00,Retail,True
1938,Arya Krishnan,arya1938@example.com,0616649700,PB,2025-03-13T00:00:00,Retail,True
1939,Ayaan Chaudhry,ayaan1939@example.com,1764296280,MH,2026-07-19T00:00:00,Retail,True
1940,Jagat Parmer,jagat1940@example.com,5096996131,OD,2024-08-14T00:00:00,Premium,True
1941,Nathaniel Konda,nathaniel1941@example.com,2805883774,BR,2026-03-02T00:00:00,SME,True
1942,Damini Taneja,damini1942@example.com,2539501115,MP,2026-02-12T00:00:00,Retail,True
1943,Pratyush Sheth,pratyush1943@example.com,8882603174,KA,2026-02-12T00:00:00,Retail,True
1944,Anmol Kumar,anmol1944@example.com,8809718614,AS,2026-06-29T00:00:00,Retail,True
1945,Jhalak Narasimhan,jhalak1945@example.com,5920559675,MP,2026-04-17T00:00:00,Retail,True
1946,Hredhaan Guha,hredhaan1946@example.com,9830457627,MH,2024-12-15T00:00:00,Retail,True
1947,Lopa Acharya,lopa1947@example.com,8970152213,AS,2024-08-19T00:00:00,Retail,False
1948,Darsh Amble,darsh1948@example.com,4761289899,RJ,2026-07-07T00:00:00,Premium,True
1949,Madhavi Cherian,madhavi1949@example.com,3997992715,KA,2026-04-30T00:00:00,Retail,True
1950,Vedika Zachariah,vedika1950@example.com,2858986818,GJ,2025-04-06T00:00:00,Premium,True
1951,Meghana Kibe,meghana1951@example.com,9007379499,DL,2025-05-24T00:00:00,Retail,True
1952,Turvi Krishnan,turvi1952@example.com,4107692626,WB,2024-08-17T00:00:00,Retail,True
1953,Siya Pant,siya1953@example.com,6043598398,MP,2024-12-01T00:00:00,SME,True
1954,Pushti Patla,pushti1954@example.com,7837568167,OD,2025-01-31T00:00:00,Retail,True
1955,Balvan Suresh,balvan1955@example.com,0717761350,UP,2024-10-15T00:00:00,Retail,True
1956,Lipika Dugar,lipika1956@example.com,3385403369,TG,2025-05-02T00:00:00,Premium,True
1957,Gauri Bassi,gauri1957@example.com,3126532735,RJ,2025-02-22T00:00:00,SME,False
1958,Nachiket Lala,nachiket1958@example.com,3223477146,RJ,2026-07-08T00:00:00,Retail,True
1959,Ishanvi Murthy,ishanvi1959@example.com,5702006174,BR,2026-05-28T00:00:00,Retail,True
1960,Alka Patel,alka1960@example.com,7612189391,PB,2025-10-26T00:00:00,SME,True
1961,Ekta Balan,ekta1961@example.com,6122283056,TN,2026-07-07T00:00:00,Retail,True
1962,Yuvraj Agrawal,yuvraj1962@example.com,5555950263,DL,2025-03-27T00:00:00,Retail,True
1963,Wishi Sur,wishi1963@example.com,3327639904,AS,2025-06-29T00:00:00,Retail,True
1964,Yash Ratta,yash1964@example.com,2690222097,KA,2026-03-18T00:00:00,SME,True
1965,Hemang Shankar,hemang1965@example.com,6701512003,GJ,2026-07-17T00:00:00,Retail,True
1966,Bachittar Shankar,bachittar1966@example.com,9721621833,GJ,2025-02-27T00:00:00,Retail,True
1967,Krishna Din,krishna1967@example.com,0530712260,TN,2024-09-07T00:00:00,Retail,True
1968,Yasti Kaul,yasti1968@example.com,7427054985,PB,2025-04-23T00:00:00,Retail,True
1969,Ojas Dhillon,ojas1969@example.com,6322801269,PB,2024-10-04T00:00:00,SME,True
1970,Ojasvi Saini,ojasvi1970@example.com,8952476096,GJ,2024-10-23T00:00:00,SME,True
1971,Nachiket Kurian,nachiket1971@example.com,2573787477,TN,2026-05-12T00:00:00,Retail,True
1972,Riya Aggarwal,riya1972@example.com,6577706129,DL,2024-09-13T00:00:00,Retail,True
1973,Michael Mohan,michael1973@example.com,6809282616,KA,2024-12-18T00:00:00,Retail,True
1974,Aarav Om,aarav1974@example.com,7186056688,DL,2025-06-14T00:00:00,Retail,True
1975,Kritika Mody,kritika1975@example.com,9512798312,TN,2026-07-04T00:00:00,Retail,True
1976,Wazir Prakash,wazir1976@example.com,1601991984,MP,2025-09-25T00:00:00,Retail,True
1977,Aarnav Dani,aarnav1977@example.com,0867152077,GJ,2026-04-15T00:00:00,SME,True
1978,Dalbir Mane,dalbir1978@example.com,3689579672,AS,2025-09-07T00:00:00,Retail,True
1979,Falak Bhavsar,falak1979@example.com,0900701785,TN,2025-07-23T00:00:00,Retail,True
1980,Chanakya Dixit,chanakya1980@example.com,4972392010,MH,2025-11-17T00:00:00,Retail,True
1981,Urvashi Luthra,urvashi1981@example.com,5396597442,TN,2024-11-23T00:00:00,Retail,True
1982,Noah Bhalla,noah1982@example.com,1641537405,WB,2026-03-19T00:00:00,Retail,True
1983,Victor Sawhney,victor1983@example.com,6997681608,HR,2025-10-15T00:00:00,Retail,True
1984,Tanvi Mitra,tanvi1984@example.com,5849688144,UP,2025-04-15T00:00:00,Retail,False
1985,Siddharth Nazareth,siddharth1985@example.com,2405744509,TG,2025-06-25T00:00:00,Retail,True
1986,Shaurya Goswami,shaurya1986@example.com,5352791111,HR,2025-06-24T00:00:00,Retail,True
1987,Zashil Roy,zashil1987@example.com,8985932135,TG,2025-01-07T00:00:00,Retail,True
1988,Charles Setty,charles1988@example.com,4800226425,KL,2025-08-22T00:00:00,Premium,True
1989,Gaurika Narula,gaurika1989@example.com,8298781921,TG,2024-10-07T00:00:00,Retail,True
1990,Sanya Mody,sanya1990@example.com,0429371784,DL,2025-10-16T00:00:00,Retail,True
1991,Qushi Brar,qushi1991@example.com,2758045292,WB,2024-10-19T00:00:00,Retail,True
1992,Triya Singhal,triya1992@example.com,4458474134,AS,2026-04-16T00:00:00,Retail,True
1993,Tanay Sagar,tanay1993@example.com,5962751934,PB,2026-05-02T00:00:00,Retail,True
1994,Indrajit Dua,indrajit1994@example.com,8447936561,TN,2025-11-18T00:00:00,SME,True
1995,Laban Deo,laban1995@example.com,0706594805,OD,2025-03-22T00:00:00,Premium,True
1996,Karan De,karan1996@example.com,4330372718,GJ,2025-11-30T00:00:00,Retail,True
1997,Tanmayi Pandey,tanmayi1997@example.com,3112138078,PB,2025-08-29T00:00:00,Retail,True
1998,Megha Saha,megha1998@example.com,5459858663,MH,2025-08-16T00:00:00,Retail,True
1999,Fariq Virk,fariq1999@example.com,2882521288,TN,2025-01-02T00:00:00,Retail,True
2000,Diya Mahajan,diya2000@example.com,9984288284,HR,2024-09-23T00:00:00,Premium,True
